[2026-09-22 23:03:00] === Nachtlauf gestartet (PID 79471) ===
[2026-09-22 23:03:00] laeuft - nichts zu tun
[2026-09-22 23:08:00] laeuft - nichts zu tun
[2026-09-22 23:13:00] laeuft - nichts zu tun
[2026-09-22 23:18:00] laeuft - nichts zu tun
[2026-09-22 23:23:00] laeuft - nichts zu tun
[2026-09-22 23:28:00] laeuft - nichts zu tun
[2026-09-22 23:33:00] laeuft - nichts zu tun
[2026-09-22 23:38:00] laeuft - nichts zu tun
[2026-09-22 23:43:00] laeuft - nichts zu tun
[2026-09-22 23:48:00] laeuft - nichts zu tun
[2026-09-22 23:53:00] laeuft - nichts zu tun
[2026-09-22 23:58:00] laeuft - nichts zu tun
[2026-09-23 00:03:00] laeuft - nichts zu tun
[2026-09-23 00:08:00] laeuft - nichts zu tun
[2026-09-23 00:13:00] laeuft - nichts zu tun
[2026-09-23 00:18:00] laeuft - nichts zu tun
[2026-09-23 00:23:00] laeuft - nichts zu tun
[2026-09-23 00:28:06] laeuft - nichts zu tun
[2026-09-23 00:33:06] laeuft - nichts zu tun
[2026-09-23 00:38:06] laeuft - nichts zu tun
[2026-09-23 00:43:06] laeuft - nichts zu tun
[2026-09-23 00:47:42] === Nachtlauf gestartet (PID 134688) ===
[2026-09-23 00:47:42] kein Lauf, 1 Gruppe(n) offen - wird fortgesetzt
Lauf 5 wird fortgesetzt
╭───────────────────────────────── Automatik ──────────────────────────────────╮
│ Automatik NICHT vollstaendig abgeschlossen                                   │
│                                                                              │
│ Kampagnen:  0 / 1                                                            │
│ Gruppen:    1 / 17                                                           │
│ Beitraege:  3 / 17                                                           │
│ Kommentare: 11 / 170                                                         │
│                                                                              │
│ Heute nicht mehr moeglich:                                                   │
│   post: abgeschaltet (pro_tag 0)                                             │
│                                                                              │
│ 16 Gruppe(n) nach einem Fehlschlag beiseitegelegt. Der Lauf ist deswegen     │
│ nicht abgebrochen; der naechste faengt mit ihnen wieder an.                  │
╰──────────────────────────────────────────────────────────────────────────────╯
[2026-09-23 00:47:45] Lauf beendet (Exit 1)
[2026-09-23 00:52:46] kein Lauf, 1 Gruppe(n) offen - wird fortgesetzt
Lauf 5 wird fortgesetzt
╭───────────────────────────────── Automatik ──────────────────────────────────╮
│ Automatik NICHT vollstaendig abgeschlossen                                   │
│                                                                              │
│ Kampagnen:  0 / 1                                                            │
│ Gruppen:    1 / 17                                                           │
│ Beitraege:  3 / 17                                                           │
│ Kommentare: 11 / 170                                                         │
│                                                                              │
│ Heute nicht mehr moeglich:                                                   │
│   post: abgeschaltet (pro_tag 0)                                             │
│                                                                              │
│ 16 Gruppe(n) nach einem Fehlschlag beiseitegelegt. Der Lauf ist deswegen     │
│ nicht abgebrochen; der naechste faengt mit ihnen wieder an.                  │
╰──────────────────────────────────────────────────────────────────────────────╯
[2026-09-23 00:52:49] Lauf beendet (Exit 1)
[2026-09-23 00:57:49] kein Lauf, 1 Gruppe(n) offen - wird fortgesetzt
Lauf 5 wird fortgesetzt
╭───────────────────────────────── Automatik ──────────────────────────────────╮
│ Automatik NICHT vollstaendig abgeschlossen                                   │
│                                                                              │
│ Kampagnen:  0 / 1                                                            │
│ Gruppen:    1 / 17                                                           │
│ Beitraege:  3 / 17                                                           │
│ Kommentare: 11 / 170                                                         │
│                                                                              │
│ Heute nicht mehr moeglich:                                                   │
│   post: abgeschaltet (pro_tag 0)                                             │
│                                                                              │
│ 16 Gruppe(n) nach einem Fehlschlag beiseitegelegt. Der Lauf ist deswegen     │
│ nicht abgebrochen; der naechste faengt mit ihnen wieder an.                  │
╰──────────────────────────────────────────────────────────────────────────────╯
[2026-09-23 00:57:52] Lauf beendet (Exit 1)
[2026-09-23 01:02:52] kein Lauf, 1 Gruppe(n) offen - wird fortgesetzt
Lauf 5 wird fortgesetzt
╭───────────────────────────────── Automatik ──────────────────────────────────╮
│ Automatik NICHT vollstaendig abgeschlossen                                   │
│                                                                              │
│ Kampagnen:  0 / 1                                                            │
│ Gruppen:    1 / 17                                                           │
│ Beitraege:  3 / 17                                                           │
│ Kommentare: 11 / 170                                                         │
│                                                                              │
│ Heute nicht mehr moeglich:                                                   │
│   post: abgeschaltet (pro_tag 0)                                             │
│                                                                              │
│ 16 Gruppe(n) nach einem Fehlschlag beiseitegelegt. Der Lauf ist deswegen     │
│ nicht abgebrochen; der naechste faengt mit ihnen wieder an.                  │
╰──────────────────────────────────────────────────────────────────────────────╯
[2026-09-23 01:02:54] Lauf beendet (Exit 1)
[2026-09-23 01:08:00] kein Lauf, 1 Gruppe(n) offen - wird fortgesetzt
Lauf 5 wird fortgesetzt
╭───────────────────────────────── Automatik ──────────────────────────────────╮
│ Automatik NICHT vollstaendig abgeschlossen                                   │
│                                                                              │
│ Kampagnen:  0 / 1                                                            │
│ Gruppen:    1 / 17                                                           │
│ Beitraege:  3 / 17                                                           │
│ Kommentare: 11 / 170                                                         │
│                                                                              │
│ Heute nicht mehr moeglich:                                                   │
│   post: abgeschaltet (pro_tag 0)                                             │
│                                                                              │
│ 16 Gruppe(n) nach einem Fehlschlag beiseitegelegt. Der Lauf ist deswegen     │
│ nicht abgebrochen; der naechste faengt mit ihnen wieder an.                  │
╰──────────────────────────────────────────────────────────────────────────────╯
[2026-09-23 01:08:03] Lauf beendet (Exit 1)
[2026-09-23 01:13:03] kein Lauf, 1 Gruppe(n) offen - wird fortgesetzt
Lauf 5 wird fortgesetzt
╭───────────────────────────────── Automatik ──────────────────────────────────╮
│ Automatik NICHT vollstaendig abgeschlossen                                   │
│                                                                              │
│ Kampagnen:  0 / 1                                                            │
│ Gruppen:    1 / 17                                                           │
│ Beitraege:  3 / 17                                                           │
│ Kommentare: 11 / 170                                                         │
│                                                                              │
│ Heute nicht mehr moeglich:                                                   │
│   post: abgeschaltet (pro_tag 0)                                             │
│                                                                              │
│ 16 Gruppe(n) nach einem Fehlschlag beiseitegelegt. Der Lauf ist deswegen     │
│ nicht abgebrochen; der naechste faengt mit ihnen wieder an.                  │
╰──────────────────────────────────────────────────────────────────────────────╯
[2026-09-23 01:13:06] Lauf beendet (Exit 1)
[2026-09-23 01:18:06] kein Lauf, 1 Gruppe(n) offen - wird fortgesetzt
Lauf 5 wird fortgesetzt
╭───────────────────────────────── Automatik ──────────────────────────────────╮
│ Automatik NICHT vollstaendig abgeschlossen                                   │
│                                                                              │
│ Kampagnen:  0 / 1                                                            │
│ Gruppen:    1 / 17                                                           │
│ Beitraege:  3 / 17                                                           │
│ Kommentare: 11 / 170                                                         │
│                                                                              │
│ Heute nicht mehr moeglich:                                                   │
│   post: abgeschaltet (pro_tag 0)                                             │
│                                                                              │
│ 16 Gruppe(n) nach einem Fehlschlag beiseitegelegt. Der Lauf ist deswegen     │
│ nicht abgebrochen; der naechste faengt mit ihnen wieder an.                  │
╰──────────────────────────────────────────────────────────────────────────────╯
[2026-09-23 01:18:09] Lauf beendet (Exit 1)
[2026-09-23 01:23:09] kein Lauf, 1 Gruppe(n) offen - wird fortgesetzt
Lauf 5 wird fortgesetzt
╭───────────────────────────────── Automatik ──────────────────────────────────╮
│ Automatik NICHT vollstaendig abgeschlossen                                   │
│                                                                              │
│ Kampagnen:  0 / 1                                                            │
│ Gruppen:    1 / 17                                                           │
│ Beitraege:  3 / 17                                                           │
│ Kommentare: 11 / 170                                                         │
│                                                                              │
│ Heute nicht mehr moeglich:                                                   │
│   post: abgeschaltet (pro_tag 0)                                             │
│                                                                              │
│ 16 Gruppe(n) nach einem Fehlschlag beiseitegelegt. Der Lauf ist deswegen     │
│ nicht abgebrochen; der naechste faengt mit ihnen wieder an.                  │
╰──────────────────────────────────────────────────────────────────────────────╯
[2026-09-23 01:23:12] Lauf beendet (Exit 1)
[2026-09-23 01:28:18] kein Lauf, 1 Gruppe(n) offen - wird fortgesetzt
Lauf 5 wird fortgesetzt
╭───────────────────────────────── Automatik ──────────────────────────────────╮
│ Automatik NICHT vollstaendig abgeschlossen                                   │
│                                                                              │
│ Kampagnen:  0 / 1                                                            │
│ Gruppen:    1 / 17                                                           │
│ Beitraege:  3 / 17                                                           │
│ Kommentare: 11 / 170                                                         │
│                                                                              │
│ Heute nicht mehr moeglich:                                                   │
│   post: abgeschaltet (pro_tag 0)                                             │
│                                                                              │
│ 16 Gruppe(n) nach einem Fehlschlag beiseitegelegt. Der Lauf ist deswegen     │
│ nicht abgebrochen; der naechste faengt mit ihnen wieder an.                  │
╰──────────────────────────────────────────────────────────────────────────────╯
[2026-09-23 01:28:20] Lauf beendet (Exit 1)
[2026-09-23 01:33:21] kein Lauf, 1 Gruppe(n) offen - wird fortgesetzt
Lauf 5 wird fortgesetzt
╭───────────────────────────────── Automatik ──────────────────────────────────╮
│ Automatik NICHT vollstaendig abgeschlossen                                   │
│                                                                              │
│ Kampagnen:  0 / 1                                                            │
│ Gruppen:    1 / 17                                                           │
│ Beitraege:  3 / 17                                                           │
│ Kommentare: 11 / 170                                                         │
│                                                                              │
│ Heute nicht mehr moeglich:                                                   │
│   post: abgeschaltet (pro_tag 0)                                             │
│                                                                              │
│ 16 Gruppe(n) nach einem Fehlschlag beiseitegelegt. Der Lauf ist deswegen     │
│ nicht abgebrochen; der naechste faengt mit ihnen wieder an.                  │
╰──────────────────────────────────────────────────────────────────────────────╯
[2026-09-23 01:33:23] Lauf beendet (Exit 1)
[2026-09-23 01:38:24] kein Lauf, 1 Gruppe(n) offen - wird fortgesetzt
Lauf 5 wird fortgesetzt
╭───────────────────────────────── Automatik ──────────────────────────────────╮
│ Automatik NICHT vollstaendig abgeschlossen                                   │
│                                                                              │
│ Kampagnen:  0 / 1                                                            │
│ Gruppen:    1 / 17                                                           │
│ Beitraege:  3 / 17                                                           │
│ Kommentare: 11 / 170                                                         │
│                                                                              │
│ Heute nicht mehr moeglich:                                                   │
│   post: abgeschaltet (pro_tag 0)                                             │
│                                                                              │
│ 16 Gruppe(n) nach einem Fehlschlag beiseitegelegt. Der Lauf ist deswegen     │
│ nicht abgebrochen; der naechste faengt mit ihnen wieder an.                  │
╰──────────────────────────────────────────────────────────────────────────────╯
[2026-09-23 01:38:26] Lauf beendet (Exit 1)
[2026-09-23 01:43:26] kein Lauf, 1 Gruppe(n) offen - wird fortgesetzt
Lauf 5 wird fortgesetzt
╭───────────────────────────────── Automatik ──────────────────────────────────╮
│ Automatik NICHT vollstaendig abgeschlossen                                   │
│                                                                              │
│ Kampagnen:  0 / 1                                                            │
│ Gruppen:    1 / 17                                                           │
│ Beitraege:  3 / 17                                                           │
│ Kommentare: 11 / 170                                                         │
│                                                                              │
│ Heute nicht mehr moeglich:                                                   │
│   post: abgeschaltet (pro_tag 0)                                             │
│                                                                              │
│ 16 Gruppe(n) nach einem Fehlschlag beiseitegelegt. Der Lauf ist deswegen     │
│ nicht abgebrochen; der naechste faengt mit ihnen wieder an.                  │
╰──────────────────────────────────────────────────────────────────────────────╯
[2026-09-23 01:43:29] Lauf beendet (Exit 1)
[2026-09-23 01:48:35] kein Lauf, 1 Gruppe(n) offen - wird fortgesetzt
Lauf 5 wird fortgesetzt
╭───────────────────────────────── Automatik ──────────────────────────────────╮
│ Automatik NICHT vollstaendig abgeschlossen                                   │
│                                                                              │
│ Kampagnen:  0 / 1                                                            │
│ Gruppen:    1 / 17                                                           │
│ Beitraege:  3 / 17                                                           │
│ Kommentare: 11 / 170                                                         │
│                                                                              │
│ Heute nicht mehr moeglich:                                                   │
│   post: abgeschaltet (pro_tag 0)                                             │
│                                                                              │
│ 16 Gruppe(n) nach einem Fehlschlag beiseitegelegt. Der Lauf ist deswegen     │
│ nicht abgebrochen; der naechste faengt mit ihnen wieder an.                  │
╰──────────────────────────────────────────────────────────────────────────────╯
[2026-09-23 01:48:37] Lauf beendet (Exit 1)
[2026-09-23 01:53:38] kein Lauf, 1 Gruppe(n) offen - wird fortgesetzt
Lauf 5 wird fortgesetzt
╭───────────────────────────────── Automatik ──────────────────────────────────╮
│ Automatik NICHT vollstaendig abgeschlossen                                   │
│                                                                              │
│ Kampagnen:  0 / 1                                                            │
│ Gruppen:    1 / 17                                                           │
│ Beitraege:  3 / 17                                                           │
│ Kommentare: 11 / 170                                                         │
│                                                                              │
│ Heute nicht mehr moeglich:                                                   │
│   post: abgeschaltet (pro_tag 0)                                             │
│                                                                              │
│ 16 Gruppe(n) nach einem Fehlschlag beiseitegelegt. Der Lauf ist deswegen     │
│ nicht abgebrochen; der naechste faengt mit ihnen wieder an.                  │
╰──────────────────────────────────────────────────────────────────────────────╯
[2026-09-23 01:53:40] Lauf beendet (Exit 1)
[2026-09-23 01:58:41] kein Lauf, 1 Gruppe(n) offen - wird fortgesetzt
Lauf 5 wird fortgesetzt
╭───────────────────────────────── Automatik ──────────────────────────────────╮
│ Automatik NICHT vollstaendig abgeschlossen                                   │
│                                                                              │
│ Kampagnen:  0 / 1                                                            │
│ Gruppen:    1 / 17                                                           │
│ Beitraege:  3 / 17                                                           │
│ Kommentare: 11 / 170                                                         │
│                                                                              │
│ Heute nicht mehr moeglich:                                                   │
│   post: abgeschaltet (pro_tag 0)                                             │
│                                                                              │
│ 16 Gruppe(n) nach einem Fehlschlag beiseitegelegt. Der Lauf ist deswegen     │
│ nicht abgebrochen; der naechste faengt mit ihnen wieder an.                  │
╰──────────────────────────────────────────────────────────────────────────────╯
[2026-09-23 01:58:43] Lauf beendet (Exit 1)
[2026-09-23 02:03:44] kein Lauf, 1 Gruppe(n) offen - wird fortgesetzt
Lauf 5 wird fortgesetzt
╭───────────────────────────────── Automatik ──────────────────────────────────╮
│ Automatik NICHT vollstaendig abgeschlossen                                   │
│                                                                              │
│ Kampagnen:  0 / 1                                                            │
│ Gruppen:    1 / 17                                                           │
│ Beitraege:  3 / 17                                                           │
│ Kommentare: 11 / 170                                                         │
│                                                                              │
│ Heute nicht mehr moeglich:                                                   │
│   post: abgeschaltet (pro_tag 0)                                             │
│                                                                              │
│ 16 Gruppe(n) nach einem Fehlschlag beiseitegelegt. Der Lauf ist deswegen     │
│ nicht abgebrochen; der naechste faengt mit ihnen wieder an.                  │
╰──────────────────────────────────────────────────────────────────────────────╯
[2026-09-23 02:03:46] Lauf beendet (Exit 1)
[2026-09-23 02:08:53] kein Lauf, 1 Gruppe(n) offen - wird fortgesetzt
Lauf 5 wird fortgesetzt
╭───────────────────────────────── Automatik ──────────────────────────────────╮
│ Automatik NICHT vollstaendig abgeschlossen                                   │
│                                                                              │
│ Kampagnen:  0 / 1                                                            │
│ Gruppen:    1 / 17                                                           │
│ Beitraege:  3 / 17                                                           │
│ Kommentare: 11 / 170                                                         │
│                                                                              │
│ Heute nicht mehr moeglich:                                                   │
│   post: abgeschaltet (pro_tag 0)                                             │
│                                                                              │
│ 16 Gruppe(n) nach einem Fehlschlag beiseitegelegt. Der Lauf ist deswegen     │
│ nicht abgebrochen; der naechste faengt mit ihnen wieder an.                  │
╰──────────────────────────────────────────────────────────────────────────────╯
[2026-09-23 02:08:55] Lauf beendet (Exit 1)
[2026-09-23 02:13:56] kein Lauf, 1 Gruppe(n) offen - wird fortgesetzt
Lauf 5 wird fortgesetzt
╭───────────────────────────────── Automatik ──────────────────────────────────╮
│ Automatik NICHT vollstaendig abgeschlossen                                   │
│                                                                              │
│ Kampagnen:  0 / 1                                                            │
│ Gruppen:    1 / 17                                                           │
│ Beitraege:  3 / 17                                                           │
│ Kommentare: 11 / 170                                                         │
│                                                                              │
│ Heute nicht mehr moeglich:                                                   │
│   post: abgeschaltet (pro_tag 0)                                             │
│                                                                              │
│ 16 Gruppe(n) nach einem Fehlschlag beiseitegelegt. Der Lauf ist deswegen     │
│ nicht abgebrochen; der naechste faengt mit ihnen wieder an.                  │
╰──────────────────────────────────────────────────────────────────────────────╯
[2026-09-23 02:13:58] Lauf beendet (Exit 1)
[2026-09-23 02:18:59] kein Lauf, 1 Gruppe(n) offen - wird fortgesetzt
Lauf 5 wird fortgesetzt
╭───────────────────────────────── Automatik ──────────────────────────────────╮
│ Automatik NICHT vollstaendig abgeschlossen                                   │
│                                                                              │
│ Kampagnen:  0 / 1                                                            │
│ Gruppen:    1 / 17                                                           │
│ Beitraege:  3 / 17                                                           │
│ Kommentare: 11 / 170                                                         │
│                                                                              │
│ Heute nicht mehr moeglich:                                                   │
│   post: abgeschaltet (pro_tag 0)                                             │
│                                                                              │
│ 16 Gruppe(n) nach einem Fehlschlag beiseitegelegt. Der Lauf ist deswegen     │
│ nicht abgebrochen; der naechste faengt mit ihnen wieder an.                  │
╰──────────────────────────────────────────────────────────────────────────────╯
[2026-09-23 02:19:01] Lauf beendet (Exit 1)
[2026-09-23 02:24:02] kein Lauf, 1 Gruppe(n) offen - wird fortgesetzt
Lauf 5 wird fortgesetzt
╭───────────────────────────────── Automatik ──────────────────────────────────╮
│ Automatik NICHT vollstaendig abgeschlossen                                   │
│                                                                              │
│ Kampagnen:  0 / 1                                                            │
│ Gruppen:    1 / 17                                                           │
│ Beitraege:  3 / 17                                                           │
│ Kommentare: 11 / 170                                                         │
│                                                                              │
│ Heute nicht mehr moeglich:                                                   │
│   post: abgeschaltet (pro_tag 0)                                             │
│                                                                              │
│ 16 Gruppe(n) nach einem Fehlschlag beiseitegelegt. Der Lauf ist deswegen     │
│ nicht abgebrochen; der naechste faengt mit ihnen wieder an.                  │
╰──────────────────────────────────────────────────────────────────────────────╯
[2026-09-23 02:24:04] Lauf beendet (Exit 1)
[2026-09-23 02:29:10] kein Lauf, 1 Gruppe(n) offen - wird fortgesetzt
Lauf 5 wird fortgesetzt
╭───────────────────────────────── Automatik ──────────────────────────────────╮
│ Automatik NICHT vollstaendig abgeschlossen                                   │
│                                                                              │
│ Kampagnen:  0 / 1                                                            │
│ Gruppen:    1 / 17                                                           │
│ Beitraege:  3 / 17                                                           │
│ Kommentare: 11 / 170                                                         │
│                                                                              │
│ Heute nicht mehr moeglich:                                                   │
│   post: abgeschaltet (pro_tag 0)                                             │
│                                                                              │
│ 16 Gruppe(n) nach einem Fehlschlag beiseitegelegt. Der Lauf ist deswegen     │
│ nicht abgebrochen; der naechste faengt mit ihnen wieder an.                  │
╰──────────────────────────────────────────────────────────────────────────────╯
[2026-09-23 02:29:13] Lauf beendet (Exit 1)
[2026-09-23 02:34:13] kein Lauf, 1 Gruppe(n) offen - wird fortgesetzt
Lauf 5 wird fortgesetzt
╭───────────────────────────────── Automatik ──────────────────────────────────╮
│ Automatik NICHT vollstaendig abgeschlossen                                   │
│                                                                              │
│ Kampagnen:  0 / 1                                                            │
│ Gruppen:    1 / 17                                                           │
│ Beitraege:  3 / 17                                                           │
│ Kommentare: 11 / 170                                                         │
│                                                                              │
│ Heute nicht mehr moeglich:                                                   │
│   post: abgeschaltet (pro_tag 0)                                             │
│                                                                              │
│ 16 Gruppe(n) nach einem Fehlschlag beiseitegelegt. Der Lauf ist deswegen     │
│ nicht abgebrochen; der naechste faengt mit ihnen wieder an.                  │
╰──────────────────────────────────────────────────────────────────────────────╯
[2026-09-23 02:34:16] Lauf beendet (Exit 1)
[2026-09-23 02:39:16] kein Lauf, 1 Gruppe(n) offen - wird fortgesetzt
Lauf 5 wird fortgesetzt
╭───────────────────────────────── Automatik ──────────────────────────────────╮
│ Automatik NICHT vollstaendig abgeschlossen                                   │
│                                                                              │
│ Kampagnen:  0 / 1                                                            │
│ Gruppen:    1 / 17                                                           │
│ Beitraege:  3 / 17                                                           │
│ Kommentare: 11 / 170                                                         │
│                                                                              │
│ Heute nicht mehr moeglich:                                                   │
│   post: abgeschaltet (pro_tag 0)                                             │
│                                                                              │
│ 16 Gruppe(n) nach einem Fehlschlag beiseitegelegt. Der Lauf ist deswegen     │
│ nicht abgebrochen; der naechste faengt mit ihnen wieder an.                  │
╰──────────────────────────────────────────────────────────────────────────────╯
[2026-09-23 02:39:19] Lauf beendet (Exit 1)
[2026-09-23 02:44:19] kein Lauf, 1 Gruppe(n) offen - wird fortgesetzt
Lauf 5 wird fortgesetzt
╭───────────────────────────────── Automatik ──────────────────────────────────╮
│ Automatik NICHT vollstaendig abgeschlossen                                   │
│                                                                              │
│ Kampagnen:  0 / 1                                                            │
│ Gruppen:    1 / 17                                                           │
│ Beitraege:  3 / 17                                                           │
│ Kommentare: 11 / 170                                                         │
│                                                                              │
│ Heute nicht mehr moeglich:                                                   │
│   post: abgeschaltet (pro_tag 0)                                             │
│                                                                              │
│ 16 Gruppe(n) nach einem Fehlschlag beiseitegelegt. Der Lauf ist deswegen     │
│ nicht abgebrochen; der naechste faengt mit ihnen wieder an.                  │
╰──────────────────────────────────────────────────────────────────────────────╯
[2026-09-23 02:44:22] Lauf beendet (Exit 1)
[2026-09-23 02:49:28] kein Lauf, 1 Gruppe(n) offen - wird fortgesetzt
Lauf 5 wird fortgesetzt
╭───────────────────────────────── Automatik ──────────────────────────────────╮
│ Automatik NICHT vollstaendig abgeschlossen                                   │
│                                                                              │
│ Kampagnen:  0 / 1                                                            │
│ Gruppen:    1 / 17                                                           │
│ Beitraege:  3 / 17                                                           │
│ Kommentare: 11 / 170                                                         │
│                                                                              │
│ Heute nicht mehr moeglich:                                                   │
│   post: abgeschaltet (pro_tag 0)                                             │
│                                                                              │
│ 16 Gruppe(n) nach einem Fehlschlag beiseitegelegt. Der Lauf ist deswegen     │
│ nicht abgebrochen; der naechste faengt mit ihnen wieder an.                  │
╰──────────────────────────────────────────────────────────────────────────────╯
[2026-09-23 02:49:30] Lauf beendet (Exit 1)
[2026-09-23 02:54:31] kein Lauf, 1 Gruppe(n) offen - wird fortgesetzt
Lauf 5 wird fortgesetzt
╭───────────────────────────────── Automatik ──────────────────────────────────╮
│ Automatik NICHT vollstaendig abgeschlossen                                   │
│                                                                              │
│ Kampagnen:  0 / 1                                                            │
│ Gruppen:    1 / 17                                                           │
│ Beitraege:  3 / 17                                                           │
│ Kommentare: 11 / 170                                                         │
│                                                                              │
│ Heute nicht mehr moeglich:                                                   │
│   post: abgeschaltet (pro_tag 0)                                             │
│                                                                              │
│ 16 Gruppe(n) nach einem Fehlschlag beiseitegelegt. Der Lauf ist deswegen     │
│ nicht abgebrochen; der naechste faengt mit ihnen wieder an.                  │
╰──────────────────────────────────────────────────────────────────────────────╯
[2026-09-23 02:54:33] Lauf beendet (Exit 1)
[2026-09-23 02:59:34] kein Lauf, 1 Gruppe(n) offen - wird fortgesetzt
Lauf 5 wird fortgesetzt
╭───────────────────────────────── Automatik ──────────────────────────────────╮
│ Automatik NICHT vollstaendig abgeschlossen                                   │
│                                                                              │
│ Kampagnen:  0 / 1                                                            │
│ Gruppen:    1 / 17                                                           │
│ Beitraege:  3 / 17                                                           │
│ Kommentare: 11 / 170                                                         │
│                                                                              │
│ Heute nicht mehr moeglich:                                                   │
│   post: abgeschaltet (pro_tag 0)                                             │
│                                                                              │
│ 16 Gruppe(n) nach einem Fehlschlag beiseitegelegt. Der Lauf ist deswegen     │
│ nicht abgebrochen; der naechste faengt mit ihnen wieder an.                  │
╰──────────────────────────────────────────────────────────────────────────────╯
[2026-09-23 02:59:36] Lauf beendet (Exit 1)
[2026-09-23 03:04:37] kein Lauf, 1 Gruppe(n) offen - wird fortgesetzt
Lauf 5 wird fortgesetzt
╭───────────────────────────────── Automatik ──────────────────────────────────╮
│ Automatik NICHT vollstaendig abgeschlossen                                   │
│                                                                              │
│ Kampagnen:  0 / 1                                                            │
│ Gruppen:    1 / 17                                                           │
│ Beitraege:  3 / 17                                                           │
│ Kommentare: 11 / 170                                                         │
│                                                                              │
│ Heute nicht mehr moeglich:                                                   │
│   post: abgeschaltet (pro_tag 0)                                             │
│                                                                              │
│ 16 Gruppe(n) nach einem Fehlschlag beiseitegelegt. Der Lauf ist deswegen     │
│ nicht abgebrochen; der naechste faengt mit ihnen wieder an.                  │
╰──────────────────────────────────────────────────────────────────────────────╯
[2026-09-23 03:04:39] Lauf beendet (Exit 1)
[2026-09-23 03:09:46] kein Lauf, 1 Gruppe(n) offen - wird fortgesetzt
Lauf 5 wird fortgesetzt
╭───────────────────────────────── Automatik ──────────────────────────────────╮
│ Automatik NICHT vollstaendig abgeschlossen                                   │
│                                                                              │
│ Kampagnen:  0 / 1                                                            │
│ Gruppen:    1 / 17                                                           │
│ Beitraege:  3 / 17                                                           │
│ Kommentare: 11 / 170                                                         │
│                                                                              │
│ Heute nicht mehr moeglich:                                                   │
│   post: abgeschaltet (pro_tag 0)                                             │
│                                                                              │
│ 16 Gruppe(n) nach einem Fehlschlag beiseitegelegt. Der Lauf ist deswegen     │
│ nicht abgebrochen; der naechste faengt mit ihnen wieder an.                  │
╰──────────────────────────────────────────────────────────────────────────────╯
[2026-09-23 03:09:48] Lauf beendet (Exit 1)
[2026-09-23 03:14:49] kein Lauf, 1 Gruppe(n) offen - wird fortgesetzt
Lauf 5 wird fortgesetzt
╭───────────────────────────────── Automatik ──────────────────────────────────╮
│ Automatik NICHT vollstaendig abgeschlossen                                   │
│                                                                              │
│ Kampagnen:  0 / 1                                                            │
│ Gruppen:    1 / 17                                                           │
│ Beitraege:  3 / 17                                                           │
│ Kommentare: 11 / 170                                                         │
│                                                                              │
│ Heute nicht mehr moeglich:                                                   │
│   post: abgeschaltet (pro_tag 0)                                             │
│                                                                              │
│ 16 Gruppe(n) nach einem Fehlschlag beiseitegelegt. Der Lauf ist deswegen     │
│ nicht abgebrochen; der naechste faengt mit ihnen wieder an.                  │
╰──────────────────────────────────────────────────────────────────────────────╯
[2026-09-23 03:14:51] Lauf beendet (Exit 1)
[2026-09-23 03:19:51] kein Lauf, 1 Gruppe(n) offen - wird fortgesetzt
Lauf 5 wird fortgesetzt
╭───────────────────────────────── Automatik ──────────────────────────────────╮
│ Automatik NICHT vollstaendig abgeschlossen                                   │
│                                                                              │
│ Kampagnen:  0 / 1                                                            │
│ Gruppen:    1 / 17                                                           │
│ Beitraege:  3 / 17                                                           │
│ Kommentare: 11 / 170                                                         │
│                                                                              │
│ Heute nicht mehr moeglich:                                                   │
│   post: abgeschaltet (pro_tag 0)                                             │
│                                                                              │
│ 16 Gruppe(n) nach einem Fehlschlag beiseitegelegt. Der Lauf ist deswegen     │
│ nicht abgebrochen; der naechste faengt mit ihnen wieder an.                  │
╰──────────────────────────────────────────────────────────────────────────────╯
[2026-09-23 03:19:54] Lauf beendet (Exit 1)
[2026-09-23 03:24:54] kein Lauf, 1 Gruppe(n) offen - wird fortgesetzt
Lauf 5 wird fortgesetzt
╭───────────────────────────────── Automatik ──────────────────────────────────╮
│ Automatik NICHT vollstaendig abgeschlossen                                   │
│                                                                              │
│ Kampagnen:  0 / 1                                                            │
│ Gruppen:    1 / 17                                                           │
│ Beitraege:  3 / 17                                                           │
│ Kommentare: 11 / 170                                                         │
│                                                                              │
│ Heute nicht mehr moeglich:                                                   │
│   post: abgeschaltet (pro_tag 0)                                             │
│                                                                              │
│ 16 Gruppe(n) nach einem Fehlschlag beiseitegelegt. Der Lauf ist deswegen     │
│ nicht abgebrochen; der naechste faengt mit ihnen wieder an.                  │
╰──────────────────────────────────────────────────────────────────────────────╯
[2026-09-23 03:24:57] Lauf beendet (Exit 1)
[2026-09-23 03:30:03] kein Lauf, 1 Gruppe(n) offen - wird fortgesetzt
Lauf 5 wird fortgesetzt
╭───────────────────────────────── Automatik ──────────────────────────────────╮
│ Automatik NICHT vollstaendig abgeschlossen                                   │
│                                                                              │
│ Kampagnen:  0 / 1                                                            │
│ Gruppen:    1 / 17                                                           │
│ Beitraege:  3 / 17                                                           │
│ Kommentare: 11 / 170                                                         │
│                                                                              │
│ Heute nicht mehr moeglich:                                                   │
│   post: abgeschaltet (pro_tag 0)                                             │
│                                                                              │
│ 16 Gruppe(n) nach einem Fehlschlag beiseitegelegt. Der Lauf ist deswegen     │
│ nicht abgebrochen; der naechste faengt mit ihnen wieder an.                  │
╰──────────────────────────────────────────────────────────────────────────────╯
[2026-09-23 03:30:05] Lauf beendet (Exit 1)
[2026-09-23 03:35:06] kein Lauf, 1 Gruppe(n) offen - wird fortgesetzt
Lauf 5 wird fortgesetzt
╭───────────────────────────────── Automatik ──────────────────────────────────╮
│ Automatik NICHT vollstaendig abgeschlossen                                   │
│                                                                              │
│ Kampagnen:  0 / 1                                                            │
│ Gruppen:    1 / 17                                                           │
│ Beitraege:  3 / 17                                                           │
│ Kommentare: 11 / 170                                                         │
│                                                                              │
│ Heute nicht mehr moeglich:                                                   │
│   post: abgeschaltet (pro_tag 0)                                             │
│                                                                              │
│ 16 Gruppe(n) nach einem Fehlschlag beiseitegelegt. Der Lauf ist deswegen     │
│ nicht abgebrochen; der naechste faengt mit ihnen wieder an.                  │
╰──────────────────────────────────────────────────────────────────────────────╯
[2026-09-23 03:35:08] Lauf beendet (Exit 1)
[2026-09-23 03:40:09] kein Lauf, 1 Gruppe(n) offen - wird fortgesetzt
Lauf 5 wird fortgesetzt
╭───────────────────────────────── Automatik ──────────────────────────────────╮
│ Automatik NICHT vollstaendig abgeschlossen                                   │
│                                                                              │
│ Kampagnen:  0 / 1                                                            │
│ Gruppen:    1 / 17                                                           │
│ Beitraege:  3 / 17                                                           │
│ Kommentare: 11 / 170                                                         │
│                                                                              │
│ Heute nicht mehr moeglich:                                                   │
│   post: abgeschaltet (pro_tag 0)                                             │
│                                                                              │
│ 16 Gruppe(n) nach einem Fehlschlag beiseitegelegt. Der Lauf ist deswegen     │
│ nicht abgebrochen; der naechste faengt mit ihnen wieder an.                  │
╰──────────────────────────────────────────────────────────────────────────────╯
[2026-09-23 03:40:11] Lauf beendet (Exit 1)
[2026-09-23 03:45:12] kein Lauf, 1 Gruppe(n) offen - wird fortgesetzt
Lauf 5 wird fortgesetzt
╭───────────────────────────────── Automatik ──────────────────────────────────╮
│ Automatik NICHT vollstaendig abgeschlossen                                   │
│                                                                              │
│ Kampagnen:  0 / 1                                                            │
│ Gruppen:    1 / 17                                                           │
│ Beitraege:  3 / 17                                                           │
│ Kommentare: 11 / 170                                                         │
│                                                                              │
│ Heute nicht mehr moeglich:                                                   │
│   post: abgeschaltet (pro_tag 0)                                             │
│                                                                              │
│ 16 Gruppe(n) nach einem Fehlschlag beiseitegelegt. Der Lauf ist deswegen     │
│ nicht abgebrochen; der naechste faengt mit ihnen wieder an.                  │
╰──────────────────────────────────────────────────────────────────────────────╯
[2026-09-23 03:45:14] Lauf beendet (Exit 1)
[2026-09-23 03:50:20] kein Lauf, 1 Gruppe(n) offen - wird fortgesetzt
Lauf 5 wird fortgesetzt
╭───────────────────────────────── Automatik ──────────────────────────────────╮
│ Automatik NICHT vollstaendig abgeschlossen                                   │
│                                                                              │
│ Kampagnen:  0 / 1                                                            │
│ Gruppen:    1 / 17                                                           │
│ Beitraege:  3 / 17                                                           │
│ Kommentare: 11 / 170                                                         │
│                                                                              │
│ Heute nicht mehr moeglich:                                                   │
│   post: abgeschaltet (pro_tag 0)                                             │
│                                                                              │
│ 16 Gruppe(n) nach einem Fehlschlag beiseitegelegt. Der Lauf ist deswegen     │
│ nicht abgebrochen; der naechste faengt mit ihnen wieder an.                  │
╰──────────────────────────────────────────────────────────────────────────────╯
[2026-09-23 03:50:23] Lauf beendet (Exit 1)
[2026-09-23 03:55:23] kein Lauf, 1 Gruppe(n) offen - wird fortgesetzt
Lauf 5 wird fortgesetzt
╭───────────────────────────────── Automatik ──────────────────────────────────╮
│ Automatik NICHT vollstaendig abgeschlossen                                   │
│                                                                              │
│ Kampagnen:  0 / 1                                                            │
│ Gruppen:    1 / 17                                                           │
│ Beitraege:  3 / 17                                                           │
│ Kommentare: 11 / 170                                                         │
│                                                                              │
│ Heute nicht mehr moeglich:                                                   │
│   post: abgeschaltet (pro_tag 0)                                             │
│                                                                              │
│ 16 Gruppe(n) nach einem Fehlschlag beiseitegelegt. Der Lauf ist deswegen     │
│ nicht abgebrochen; der naechste faengt mit ihnen wieder an.                  │
╰──────────────────────────────────────────────────────────────────────────────╯
[2026-09-23 03:55:26] Lauf beendet (Exit 1)
[2026-09-23 04:00:26] kein Lauf, 1 Gruppe(n) offen - wird fortgesetzt
Lauf 5 wird fortgesetzt
╭───────────────────────────────── Automatik ──────────────────────────────────╮
│ Automatik NICHT vollstaendig abgeschlossen                                   │
│                                                                              │
│ Kampagnen:  0 / 1                                                            │
│ Gruppen:    1 / 17                                                           │
│ Beitraege:  3 / 17                                                           │
│ Kommentare: 11 / 170                                                         │
│                                                                              │
│ Heute nicht mehr moeglich:                                                   │
│   post: abgeschaltet (pro_tag 0)                                             │
│                                                                              │
│ 16 Gruppe(n) nach einem Fehlschlag beiseitegelegt. Der Lauf ist deswegen     │
│ nicht abgebrochen; der naechste faengt mit ihnen wieder an.                  │
╰──────────────────────────────────────────────────────────────────────────────╯
[2026-09-23 04:00:29] Lauf beendet (Exit 1)
[2026-09-23 04:05:29] kein Lauf, 1 Gruppe(n) offen - wird fortgesetzt
Lauf 5 wird fortgesetzt
╭───────────────────────────────── Automatik ──────────────────────────────────╮
│ Automatik NICHT vollstaendig abgeschlossen                                   │
│                                                                              │
│ Kampagnen:  0 / 1                                                            │
│ Gruppen:    1 / 17                                                           │
│ Beitraege:  3 / 17                                                           │
│ Kommentare: 11 / 170                                                         │
│                                                                              │
│ Heute nicht mehr moeglich:                                                   │
│   post: abgeschaltet (pro_tag 0)                                             │
│                                                                              │
│ 16 Gruppe(n) nach einem Fehlschlag beiseitegelegt. Der Lauf ist deswegen     │
│ nicht abgebrochen; der naechste faengt mit ihnen wieder an.                  │
╰──────────────────────────────────────────────────────────────────────────────╯
[2026-09-23 04:05:32] Lauf beendet (Exit 1)
[2026-09-23 04:10:38] kein Lauf, 1 Gruppe(n) offen - wird fortgesetzt
Lauf 5 wird fortgesetzt
╭───────────────────────────────── Automatik ──────────────────────────────────╮
│ Automatik NICHT vollstaendig abgeschlossen                                   │
│                                                                              │
│ Kampagnen:  0 / 1                                                            │
│ Gruppen:    1 / 17                                                           │
│ Beitraege:  3 / 17                                                           │
│ Kommentare: 11 / 170                                                         │
│                                                                              │
│ Heute nicht mehr moeglich:                                                   │
│   post: abgeschaltet (pro_tag 0)                                             │
│                                                                              │
│ 16 Gruppe(n) nach einem Fehlschlag beiseitegelegt. Der Lauf ist deswegen     │
│ nicht abgebrochen; der naechste faengt mit ihnen wieder an.                  │
╰──────────────────────────────────────────────────────────────────────────────╯
[2026-09-23 04:10:41] Lauf beendet (Exit 1)
[2026-09-23 04:15:41] kein Lauf, 1 Gruppe(n) offen - wird fortgesetzt
Lauf 5 wird fortgesetzt
╭───────────────────────────────── Automatik ──────────────────────────────────╮
│ Automatik NICHT vollstaendig abgeschlossen                                   │
│                                                                              │
│ Kampagnen:  0 / 1                                                            │
│ Gruppen:    1 / 17                                                           │
│ Beitraege:  3 / 17                                                           │
│ Kommentare: 11 / 170                                                         │
│                                                                              │
│ Heute nicht mehr moeglich:                                                   │
│   post: abgeschaltet (pro_tag 0)                                             │
│                                                                              │
│ 16 Gruppe(n) nach einem Fehlschlag beiseitegelegt. Der Lauf ist deswegen     │
│ nicht abgebrochen; der naechste faengt mit ihnen wieder an.                  │
╰──────────────────────────────────────────────────────────────────────────────╯
[2026-09-23 04:15:44] Lauf beendet (Exit 1)
[2026-09-23 04:20:44] kein Lauf, 1 Gruppe(n) offen - wird fortgesetzt
Lauf 5 wird fortgesetzt
╭───────────────────────────────── Automatik ──────────────────────────────────╮
│ Automatik NICHT vollstaendig abgeschlossen                                   │
│                                                                              │
│ Kampagnen:  0 / 1                                                            │
│ Gruppen:    1 / 17                                                           │
│ Beitraege:  3 / 17                                                           │
│ Kommentare: 11 / 170                                                         │
│                                                                              │
│ Heute nicht mehr moeglich:                                                   │
│   post: abgeschaltet (pro_tag 0)                                             │
│                                                                              │
│ 16 Gruppe(n) nach einem Fehlschlag beiseitegelegt. Der Lauf ist deswegen     │
│ nicht abgebrochen; der naechste faengt mit ihnen wieder an.                  │
╰──────────────────────────────────────────────────────────────────────────────╯
[2026-09-23 04:20:47] Lauf beendet (Exit 1)
[2026-09-23 04:25:47] kein Lauf, 1 Gruppe(n) offen - wird fortgesetzt
Lauf 5 wird fortgesetzt
╭───────────────────────────────── Automatik ──────────────────────────────────╮
│ Automatik NICHT vollstaendig abgeschlossen                                   │
│                                                                              │
│ Kampagnen:  0 / 1                                                            │
│ Gruppen:    1 / 17                                                           │
│ Beitraege:  3 / 17                                                           │
│ Kommentare: 11 / 170                                                         │
│                                                                              │
│ Heute nicht mehr moeglich:                                                   │
│   post: abgeschaltet (pro_tag 0)                                             │
│                                                                              │
│ 16 Gruppe(n) nach einem Fehlschlag beiseitegelegt. Der Lauf ist deswegen     │
│ nicht abgebrochen; der naechste faengt mit ihnen wieder an.                  │
╰──────────────────────────────────────────────────────────────────────────────╯
[2026-09-23 04:25:50] Lauf beendet (Exit 1)
[2026-09-23 04:30:55] kein Lauf, 1 Gruppe(n) offen - wird fortgesetzt
Lauf 5 wird fortgesetzt
╭───────────────────────────────── Automatik ──────────────────────────────────╮
│ Automatik NICHT vollstaendig abgeschlossen                                   │
│                                                                              │
│ Kampagnen:  0 / 1                                                            │
│ Gruppen:    1 / 17                                                           │
│ Beitraege:  3 / 17                                                           │
│ Kommentare: 11 / 170                                                         │
│                                                                              │
│ Heute nicht mehr moeglich:                                                   │
│   post: abgeschaltet (pro_tag 0)                                             │
│                                                                              │
│ 16 Gruppe(n) nach einem Fehlschlag beiseitegelegt. Der Lauf ist deswegen     │
│ nicht abgebrochen; der naechste faengt mit ihnen wieder an.                  │
╰──────────────────────────────────────────────────────────────────────────────╯
[2026-09-23 04:30:58] Lauf beendet (Exit 1)
[2026-09-23 04:35:58] kein Lauf, 1 Gruppe(n) offen - wird fortgesetzt
Lauf 5 wird fortgesetzt
╭───────────────────────────────── Automatik ──────────────────────────────────╮
│ Automatik NICHT vollstaendig abgeschlossen                                   │
│                                                                              │
│ Kampagnen:  0 / 1                                                            │
│ Gruppen:    1 / 17                                                           │
│ Beitraege:  3 / 17                                                           │
│ Kommentare: 11 / 170                                                         │
│                                                                              │
│ Heute nicht mehr moeglich:                                                   │
│   post: abgeschaltet (pro_tag 0)                                             │
│                                                                              │
│ 16 Gruppe(n) nach einem Fehlschlag beiseitegelegt. Der Lauf ist deswegen     │
│ nicht abgebrochen; der naechste faengt mit ihnen wieder an.                  │
╰──────────────────────────────────────────────────────────────────────────────╯
[2026-09-23 04:36:01] Lauf beendet (Exit 1)
[2026-09-23 04:41:01] kein Lauf, 1 Gruppe(n) offen - wird fortgesetzt
Lauf 5 wird fortgesetzt
╭───────────────────────────────── Automatik ──────────────────────────────────╮
│ Automatik NICHT vollstaendig abgeschlossen                                   │
│                                                                              │
│ Kampagnen:  0 / 1                                                            │
│ Gruppen:    1 / 17                                                           │
│ Beitraege:  3 / 17                                                           │
│ Kommentare: 11 / 170                                                         │
│                                                                              │
│ Heute nicht mehr moeglich:                                                   │
│   post: abgeschaltet (pro_tag 0)                                             │
│                                                                              │
│ 16 Gruppe(n) nach einem Fehlschlag beiseitegelegt. Der Lauf ist deswegen     │
│ nicht abgebrochen; der naechste faengt mit ihnen wieder an.                  │
╰──────────────────────────────────────────────────────────────────────────────╯
[2026-09-23 04:41:04] Lauf beendet (Exit 1)
[2026-09-23 04:46:04] kein Lauf, 1 Gruppe(n) offen - wird fortgesetzt
Lauf 5 wird fortgesetzt
╭───────────────────────────────── Automatik ──────────────────────────────────╮
│ Automatik NICHT vollstaendig abgeschlossen                                   │
│                                                                              │
│ Kampagnen:  0 / 1                                                            │
│ Gruppen:    1 / 17                                                           │
│ Beitraege:  3 / 17                                                           │
│ Kommentare: 11 / 170                                                         │
│                                                                              │
│ Heute nicht mehr moeglich:                                                   │
│   post: abgeschaltet (pro_tag 0)                                             │
│                                                                              │
│ 16 Gruppe(n) nach einem Fehlschlag beiseitegelegt. Der Lauf ist deswegen     │
│ nicht abgebrochen; der naechste faengt mit ihnen wieder an.                  │
╰──────────────────────────────────────────────────────────────────────────────╯
[2026-09-23 04:46:07] Lauf beendet (Exit 1)
[2026-09-23 04:51:13] kein Lauf, 1 Gruppe(n) offen - wird fortgesetzt
Lauf 5 wird fortgesetzt
╭───────────────────────────────── Automatik ──────────────────────────────────╮
│ Automatik NICHT vollstaendig abgeschlossen                                   │
│                                                                              │
│ Kampagnen:  0 / 1                                                            │
│ Gruppen:    1 / 17                                                           │
│ Beitraege:  3 / 17                                                           │
│ Kommentare: 11 / 170                                                         │
│                                                                              │
│ Heute nicht mehr moeglich:                                                   │
│   post: abgeschaltet (pro_tag 0)                                             │
│                                                                              │
│ 16 Gruppe(n) nach einem Fehlschlag beiseitegelegt. Der Lauf ist deswegen     │
│ nicht abgebrochen; der naechste faengt mit ihnen wieder an.                  │
╰──────────────────────────────────────────────────────────────────────────────╯
[2026-09-23 04:51:16] Lauf beendet (Exit 1)
[2026-09-23 04:56:16] kein Lauf, 1 Gruppe(n) offen - wird fortgesetzt
Lauf 5 wird fortgesetzt
╭───────────────────────────────── Automatik ──────────────────────────────────╮
│ Automatik NICHT vollstaendig abgeschlossen                                   │
│                                                                              │
│ Kampagnen:  0 / 1                                                            │
│ Gruppen:    1 / 17                                                           │
│ Beitraege:  3 / 17                                                           │
│ Kommentare: 11 / 170                                                         │
│                                                                              │
│ Heute nicht mehr moeglich:                                                   │
│   post: abgeschaltet (pro_tag 0)                                             │
│                                                                              │
│ 16 Gruppe(n) nach einem Fehlschlag beiseitegelegt. Der Lauf ist deswegen     │
│ nicht abgebrochen; der naechste faengt mit ihnen wieder an.                  │
╰──────────────────────────────────────────────────────────────────────────────╯
[2026-09-23 04:56:19] Lauf beendet (Exit 1)
[2026-09-23 05:01:19] kein Lauf, 1 Gruppe(n) offen - wird fortgesetzt
Lauf 5 wird fortgesetzt
╭───────────────────────────────── Automatik ──────────────────────────────────╮
│ Automatik NICHT vollstaendig abgeschlossen                                   │
│                                                                              │
│ Kampagnen:  0 / 1                                                            │
│ Gruppen:    1 / 17                                                           │
│ Beitraege:  3 / 17                                                           │
│ Kommentare: 11 / 170                                                         │
│                                                                              │
│ Heute nicht mehr moeglich:                                                   │
│   post: abgeschaltet (pro_tag 0)                                             │
│                                                                              │
│ 16 Gruppe(n) nach einem Fehlschlag beiseitegelegt. Der Lauf ist deswegen     │
│ nicht abgebrochen; der naechste faengt mit ihnen wieder an.                  │
╰──────────────────────────────────────────────────────────────────────────────╯
[2026-09-23 05:01:22] Lauf beendet (Exit 1)
[2026-09-23 05:06:22] kein Lauf, 1 Gruppe(n) offen - wird fortgesetzt
Lauf 5 wird fortgesetzt
╭───────────────────────────────── Automatik ──────────────────────────────────╮
│ Automatik NICHT vollstaendig abgeschlossen                                   │
│                                                                              │
│ Kampagnen:  0 / 1                                                            │
│ Gruppen:    1 / 17                                                           │
│ Beitraege:  3 / 17                                                           │
│ Kommentare: 11 / 170                                                         │
│                                                                              │
│ Heute nicht mehr moeglich:                                                   │
│   post: abgeschaltet (pro_tag 0)                                             │
│                                                                              │
│ 16 Gruppe(n) nach einem Fehlschlag beiseitegelegt. Der Lauf ist deswegen     │
│ nicht abgebrochen; der naechste faengt mit ihnen wieder an.                  │
╰──────────────────────────────────────────────────────────────────────────────╯
[2026-09-23 05:06:25] Lauf beendet (Exit 1)
[2026-09-23 05:11:31] kein Lauf, 1 Gruppe(n) offen - wird fortgesetzt
Lauf 5 wird fortgesetzt
╭───────────────────────────────── Automatik ──────────────────────────────────╮
│ Automatik NICHT vollstaendig abgeschlossen                                   │
│                                                                              │
│ Kampagnen:  0 / 1                                                            │
│ Gruppen:    1 / 17                                                           │
│ Beitraege:  3 / 17                                                           │
│ Kommentare: 11 / 170                                                         │
│                                                                              │
│ Heute nicht mehr moeglich:                                                   │
│   post: abgeschaltet (pro_tag 0)                                             │
│                                                                              │
│ 16 Gruppe(n) nach einem Fehlschlag beiseitegelegt. Der Lauf ist deswegen     │
│ nicht abgebrochen; der naechste faengt mit ihnen wieder an.                  │
╰──────────────────────────────────────────────────────────────────────────────╯
[2026-09-23 05:11:34] Lauf beendet (Exit 1)
[2026-09-23 05:16:34] kein Lauf, 1 Gruppe(n) offen - wird fortgesetzt
Lauf 5 wird fortgesetzt
╭───────────────────────────────── Automatik ──────────────────────────────────╮
│ Automatik NICHT vollstaendig abgeschlossen                                   │
│                                                                              │
│ Kampagnen:  0 / 1                                                            │
│ Gruppen:    1 / 17                                                           │
│ Beitraege:  3 / 17                                                           │
│ Kommentare: 11 / 170                                                         │
│                                                                              │
│ Heute nicht mehr moeglich:                                                   │
│   post: abgeschaltet (pro_tag 0)                                             │
│                                                                              │
│ 16 Gruppe(n) nach einem Fehlschlag beiseitegelegt. Der Lauf ist deswegen     │
│ nicht abgebrochen; der naechste faengt mit ihnen wieder an.                  │
╰──────────────────────────────────────────────────────────────────────────────╯
[2026-09-23 05:16:37] Lauf beendet (Exit 1)
[2026-09-23 05:21:37] kein Lauf, 1 Gruppe(n) offen - wird fortgesetzt
Lauf 5 wird fortgesetzt
╭───────────────────────────────── Automatik ──────────────────────────────────╮
│ Automatik NICHT vollstaendig abgeschlossen                                   │
│                                                                              │
│ Kampagnen:  0 / 1                                                            │
│ Gruppen:    1 / 17                                                           │
│ Beitraege:  3 / 17                                                           │
│ Kommentare: 11 / 170                                                         │
│                                                                              │
│ Heute nicht mehr moeglich:                                                   │
│   post: abgeschaltet (pro_tag 0)                                             │
│                                                                              │
│ 16 Gruppe(n) nach einem Fehlschlag beiseitegelegt. Der Lauf ist deswegen     │
│ nicht abgebrochen; der naechste faengt mit ihnen wieder an.                  │
╰──────────────────────────────────────────────────────────────────────────────╯
[2026-09-23 05:21:39] Lauf beendet (Exit 1)
[2026-09-23 05:26:40] kein Lauf, 1 Gruppe(n) offen - wird fortgesetzt
Lauf 5 wird fortgesetzt
╭───────────────────────────────── Automatik ──────────────────────────────────╮
│ Automatik NICHT vollstaendig abgeschlossen                                   │
│                                                                              │
│ Kampagnen:  0 / 1                                                            │
│ Gruppen:    1 / 17                                                           │
│ Beitraege:  3 / 17                                                           │
│ Kommentare: 11 / 170                                                         │
│                                                                              │
│ Heute nicht mehr moeglich:                                                   │
│   post: abgeschaltet (pro_tag 0)                                             │
│                                                                              │
│ 16 Gruppe(n) nach einem Fehlschlag beiseitegelegt. Der Lauf ist deswegen     │
│ nicht abgebrochen; der naechste faengt mit ihnen wieder an.                  │
╰──────────────────────────────────────────────────────────────────────────────╯
[2026-09-23 05:26:42] Lauf beendet (Exit 1)
[2026-09-23 05:31:49] kein Lauf, 1 Gruppe(n) offen - wird fortgesetzt
Lauf 5 wird fortgesetzt
╭───────────────────────────────── Automatik ──────────────────────────────────╮
│ Automatik NICHT vollstaendig abgeschlossen                                   │
│                                                                              │
│ Kampagnen:  0 / 1                                                            │
│ Gruppen:    1 / 17                                                           │
│ Beitraege:  3 / 17                                                           │
│ Kommentare: 11 / 170                                                         │
│                                                                              │
│ Heute nicht mehr moeglich:                                                   │
│   post: abgeschaltet (pro_tag 0)                                             │
│                                                                              │
│ 16 Gruppe(n) nach einem Fehlschlag beiseitegelegt. Der Lauf ist deswegen     │
│ nicht abgebrochen; der naechste faengt mit ihnen wieder an.                  │
╰──────────────────────────────────────────────────────────────────────────────╯
[2026-09-23 05:31:51] Lauf beendet (Exit 1)
[2026-09-23 05:36:52] kein Lauf, 1 Gruppe(n) offen - wird fortgesetzt
Lauf 5 wird fortgesetzt
╭───────────────────────────────── Automatik ──────────────────────────────────╮
│ Automatik NICHT vollstaendig abgeschlossen                                   │
│                                                                              │
│ Kampagnen:  0 / 1                                                            │
│ Gruppen:    1 / 17                                                           │
│ Beitraege:  3 / 17                                                           │
│ Kommentare: 11 / 170                                                         │
│                                                                              │
│ Heute nicht mehr moeglich:                                                   │
│   post: abgeschaltet (pro_tag 0)                                             │
│                                                                              │
│ 16 Gruppe(n) nach einem Fehlschlag beiseitegelegt. Der Lauf ist deswegen     │
│ nicht abgebrochen; der naechste faengt mit ihnen wieder an.                  │
╰──────────────────────────────────────────────────────────────────────────────╯
[2026-09-23 05:36:54] Lauf beendet (Exit 1)
[2026-09-23 05:41:54] kein Lauf, 1 Gruppe(n) offen - wird fortgesetzt
Lauf 5 wird fortgesetzt
╭───────────────────────────────── Automatik ──────────────────────────────────╮
│ Automatik NICHT vollstaendig abgeschlossen                                   │
│                                                                              │
│ Kampagnen:  0 / 1                                                            │
│ Gruppen:    1 / 17                                                           │
│ Beitraege:  3 / 17                                                           │
│ Kommentare: 11 / 170                                                         │
│                                                                              │
│ Heute nicht mehr moeglich:                                                   │
│   post: abgeschaltet (pro_tag 0)                                             │
│                                                                              │
│ 16 Gruppe(n) nach einem Fehlschlag beiseitegelegt. Der Lauf ist deswegen     │
│ nicht abgebrochen; der naechste faengt mit ihnen wieder an.                  │
╰──────────────────────────────────────────────────────────────────────────────╯
[2026-09-23 05:41:57] Lauf beendet (Exit 1)
[2026-09-23 05:46:58] kein Lauf, 1 Gruppe(n) offen - wird fortgesetzt
Lauf 5 wird fortgesetzt
╭───────────────────────────────── Automatik ──────────────────────────────────╮
│ Automatik NICHT vollstaendig abgeschlossen                                   │
│                                                                              │
│ Kampagnen:  0 / 1                                                            │
│ Gruppen:    1 / 17                                                           │
│ Beitraege:  3 / 17                                                           │
│ Kommentare: 11 / 170                                                         │
│                                                                              │
│ Heute nicht mehr moeglich:                                                   │
│   post: abgeschaltet (pro_tag 0)                                             │
│                                                                              │
│ 16 Gruppe(n) nach einem Fehlschlag beiseitegelegt. Der Lauf ist deswegen     │
│ nicht abgebrochen; der naechste faengt mit ihnen wieder an.                  │
╰──────────────────────────────────────────────────────────────────────────────╯
[2026-09-23 05:47:00] Lauf beendet (Exit 1)
[2026-09-23 05:52:06] kein Lauf, 1 Gruppe(n) offen - wird fortgesetzt
Lauf 5 wird fortgesetzt
╭───────────────────────────────── Automatik ──────────────────────────────────╮
│ Automatik NICHT vollstaendig abgeschlossen                                   │
│                                                                              │
│ Kampagnen:  0 / 1                                                            │
│ Gruppen:    1 / 17                                                           │
│ Beitraege:  3 / 17                                                           │
│ Kommentare: 11 / 170                                                         │
│                                                                              │
│ Heute nicht mehr moeglich:                                                   │
│   post: abgeschaltet (pro_tag 0)                                             │
│                                                                              │
│ 16 Gruppe(n) nach einem Fehlschlag beiseitegelegt. Der Lauf ist deswegen     │
│ nicht abgebrochen; der naechste faengt mit ihnen wieder an.                  │
╰──────────────────────────────────────────────────────────────────────────────╯
[2026-09-23 05:52:09] Lauf beendet (Exit 1)
[2026-09-23 05:57:09] kein Lauf, 1 Gruppe(n) offen - wird fortgesetzt
Lauf 5 wird fortgesetzt
╭───────────────────────────────── Automatik ──────────────────────────────────╮
│ Automatik NICHT vollstaendig abgeschlossen                                   │
│                                                                              │
│ Kampagnen:  0 / 1                                                            │
│ Gruppen:    1 / 17                                                           │
│ Beitraege:  3 / 17                                                           │
│ Kommentare: 11 / 170                                                         │
│                                                                              │
│ Heute nicht mehr moeglich:                                                   │
│   post: abgeschaltet (pro_tag 0)                                             │
│                                                                              │
│ 16 Gruppe(n) nach einem Fehlschlag beiseitegelegt. Der Lauf ist deswegen     │
│ nicht abgebrochen; der naechste faengt mit ihnen wieder an.                  │
╰──────────────────────────────────────────────────────────────────────────────╯
[2026-09-23 05:57:12] Lauf beendet (Exit 1)
[2026-09-23 06:02:12] kein Lauf, 1 Gruppe(n) offen - wird fortgesetzt
Lauf 5 wird fortgesetzt
╭───────────────────────────────── Automatik ──────────────────────────────────╮
│ Automatik NICHT vollstaendig abgeschlossen                                   │
│                                                                              │
│ Kampagnen:  0 / 1                                                            │
│ Gruppen:    1 / 17                                                           │
│ Beitraege:  3 / 17                                                           │
│ Kommentare: 11 / 170                                                         │
│                                                                              │
│ Heute nicht mehr moeglich:                                                   │
│   post: abgeschaltet (pro_tag 0)                                             │
│                                                                              │
│ 16 Gruppe(n) nach einem Fehlschlag beiseitegelegt. Der Lauf ist deswegen     │
│ nicht abgebrochen; der naechste faengt mit ihnen wieder an.                  │
╰──────────────────────────────────────────────────────────────────────────────╯
[2026-09-23 06:02:14] Lauf beendet (Exit 1)
[2026-09-23 06:07:15] kein Lauf, 1 Gruppe(n) offen - wird fortgesetzt
Lauf 5 wird fortgesetzt
╭───────────────────────────────── Automatik ──────────────────────────────────╮
│ Automatik NICHT vollstaendig abgeschlossen                                   │
│                                                                              │
│ Kampagnen:  0 / 1                                                            │
│ Gruppen:    1 / 17                                                           │
│ Beitraege:  3 / 17                                                           │
│ Kommentare: 11 / 170                                                         │
│                                                                              │
│ Heute nicht mehr moeglich:                                                   │
│   post: abgeschaltet (pro_tag 0)                                             │
│                                                                              │
│ 16 Gruppe(n) nach einem Fehlschlag beiseitegelegt. Der Lauf ist deswegen     │
│ nicht abgebrochen; der naechste faengt mit ihnen wieder an.                  │
╰──────────────────────────────────────────────────────────────────────────────╯
[2026-09-23 06:07:17] Lauf beendet (Exit 1)
[2026-09-23 06:12:23] kein Lauf, 1 Gruppe(n) offen - wird fortgesetzt
Lauf 5 wird fortgesetzt
╭───────────────────────────────── Automatik ──────────────────────────────────╮
│ Automatik NICHT vollstaendig abgeschlossen                                   │
│                                                                              │
│ Kampagnen:  0 / 1                                                            │
│ Gruppen:    1 / 17                                                           │
│ Beitraege:  3 / 17                                                           │
│ Kommentare: 11 / 170                                                         │
│                                                                              │
│ Heute nicht mehr moeglich:                                                   │
│   post: abgeschaltet (pro_tag 0)                                             │
│                                                                              │
│ 16 Gruppe(n) nach einem Fehlschlag beiseitegelegt. Der Lauf ist deswegen     │
│ nicht abgebrochen; der naechste faengt mit ihnen wieder an.                  │
╰──────────────────────────────────────────────────────────────────────────────╯
[2026-09-23 06:12:26] Lauf beendet (Exit 1)
[2026-09-23 06:17:26] kein Lauf, 1 Gruppe(n) offen - wird fortgesetzt
Lauf 5 wird fortgesetzt
╭───────────────────────────────── Automatik ──────────────────────────────────╮
│ Automatik NICHT vollstaendig abgeschlossen                                   │
│                                                                              │
│ Kampagnen:  0 / 1                                                            │
│ Gruppen:    1 / 17                                                           │
│ Beitraege:  3 / 17                                                           │
│ Kommentare: 11 / 170                                                         │
│                                                                              │
│ Heute nicht mehr moeglich:                                                   │
│   post: abgeschaltet (pro_tag 0)                                             │
│                                                                              │
│ 16 Gruppe(n) nach einem Fehlschlag beiseitegelegt. Der Lauf ist deswegen     │
│ nicht abgebrochen; der naechste faengt mit ihnen wieder an.                  │
╰──────────────────────────────────────────────────────────────────────────────╯
[2026-09-23 06:17:29] Lauf beendet (Exit 1)
[2026-09-23 06:22:29] kein Lauf, 1 Gruppe(n) offen - wird fortgesetzt
Lauf 5 wird fortgesetzt
╭───────────────────────────────── Automatik ──────────────────────────────────╮
│ Automatik NICHT vollstaendig abgeschlossen                                   │
│                                                                              │
│ Kampagnen:  0 / 1                                                            │
│ Gruppen:    1 / 17                                                           │
│ Beitraege:  3 / 17                                                           │
│ Kommentare: 11 / 170                                                         │
│                                                                              │
│ Heute nicht mehr moeglich:                                                   │
│   post: abgeschaltet (pro_tag 0)                                             │
│                                                                              │
│ 16 Gruppe(n) nach einem Fehlschlag beiseitegelegt. Der Lauf ist deswegen     │
│ nicht abgebrochen; der naechste faengt mit ihnen wieder an.                  │
╰──────────────────────────────────────────────────────────────────────────────╯
[2026-09-23 06:22:32] Lauf beendet (Exit 1)
[2026-09-23 06:27:33] kein Lauf, 1 Gruppe(n) offen - wird fortgesetzt
Lauf 5 wird fortgesetzt
╭───────────────────────────────── Automatik ──────────────────────────────────╮
│ Automatik NICHT vollstaendig abgeschlossen                                   │
│                                                                              │
│ Kampagnen:  0 / 1                                                            │
│ Gruppen:    1 / 17                                                           │
│ Beitraege:  3 / 17                                                           │
│ Kommentare: 11 / 170                                                         │
│                                                                              │
│ Heute nicht mehr moeglich:                                                   │
│   post: abgeschaltet (pro_tag 0)                                             │
│                                                                              │
│ 16 Gruppe(n) nach einem Fehlschlag beiseitegelegt. Der Lauf ist deswegen     │
│ nicht abgebrochen; der naechste faengt mit ihnen wieder an.                  │
╰──────────────────────────────────────────────────────────────────────────────╯
[2026-09-23 06:27:35] Lauf beendet (Exit 1)
[2026-09-23 06:32:42] kein Lauf, 1 Gruppe(n) offen - wird fortgesetzt
Lauf 5 wird fortgesetzt
╭───────────────────────────────── Automatik ──────────────────────────────────╮
│ Automatik NICHT vollstaendig abgeschlossen                                   │
│                                                                              │
│ Kampagnen:  0 / 1                                                            │
│ Gruppen:    1 / 17                                                           │
│ Beitraege:  3 / 17                                                           │
│ Kommentare: 11 / 170                                                         │
│                                                                              │
│ Heute nicht mehr moeglich:                                                   │
│   post: abgeschaltet (pro_tag 0)                                             │
│                                                                              │
│ 16 Gruppe(n) nach einem Fehlschlag beiseitegelegt. Der Lauf ist deswegen     │
│ nicht abgebrochen; der naechste faengt mit ihnen wieder an.                  │
╰──────────────────────────────────────────────────────────────────────────────╯
[2026-09-23 06:32:45] Lauf beendet (Exit 1)
[2026-09-23 06:37:45] kein Lauf, 1 Gruppe(n) offen - wird fortgesetzt
Lauf 5 wird fortgesetzt
╭───────────────────────────────── Automatik ──────────────────────────────────╮
│ Automatik NICHT vollstaendig abgeschlossen                                   │
│                                                                              │
│ Kampagnen:  0 / 1                                                            │
│ Gruppen:    1 / 17                                                           │
│ Beitraege:  3 / 17                                                           │
│ Kommentare: 11 / 170                                                         │
│                                                                              │
│ Heute nicht mehr moeglich:                                                   │
│   post: abgeschaltet (pro_tag 0)                                             │
│                                                                              │
│ 16 Gruppe(n) nach einem Fehlschlag beiseitegelegt. Der Lauf ist deswegen     │
│ nicht abgebrochen; der naechste faengt mit ihnen wieder an.                  │
╰──────────────────────────────────────────────────────────────────────────────╯
[2026-09-23 06:37:48] Lauf beendet (Exit 1)
[2026-09-23 06:42:48] kein Lauf, 1 Gruppe(n) offen - wird fortgesetzt
Lauf 5 wird fortgesetzt
╭───────────────────────────────── Automatik ──────────────────────────────────╮
│ Automatik NICHT vollstaendig abgeschlossen                                   │
│                                                                              │
│ Kampagnen:  0 / 1                                                            │
│ Gruppen:    1 / 17                                                           │
│ Beitraege:  3 / 17                                                           │
│ Kommentare: 11 / 170                                                         │
│                                                                              │
│ Heute nicht mehr moeglich:                                                   │
│   post: abgeschaltet (pro_tag 0)                                             │
│                                                                              │
│ 16 Gruppe(n) nach einem Fehlschlag beiseitegelegt. Der Lauf ist deswegen     │
│ nicht abgebrochen; der naechste faengt mit ihnen wieder an.                  │
╰──────────────────────────────────────────────────────────────────────────────╯
[2026-09-23 06:42:51] Lauf beendet (Exit 1)
[2026-09-23 06:47:52] kein Lauf, 1 Gruppe(n) offen - wird fortgesetzt
Lauf 5 wird fortgesetzt
╭───────────────────────────────── Automatik ──────────────────────────────────╮
│ Automatik NICHT vollstaendig abgeschlossen                                   │
│                                                                              │
│ Kampagnen:  0 / 1                                                            │
│ Gruppen:    1 / 17                                                           │
│ Beitraege:  3 / 17                                                           │
│ Kommentare: 11 / 170                                                         │
│                                                                              │
│ Heute nicht mehr moeglich:                                                   │
│   post: abgeschaltet (pro_tag 0)                                             │
│                                                                              │
│ 16 Gruppe(n) nach einem Fehlschlag beiseitegelegt. Der Lauf ist deswegen     │
│ nicht abgebrochen; der naechste faengt mit ihnen wieder an.                  │
╰──────────────────────────────────────────────────────────────────────────────╯
[2026-09-23 06:47:54] Lauf beendet (Exit 1)
[2026-09-23 06:53:00] kein Lauf, 1 Gruppe(n) offen - wird fortgesetzt
Lauf 5 wird fortgesetzt
╭───────────────────────────────── Automatik ──────────────────────────────────╮
│ Automatik NICHT vollstaendig abgeschlossen                                   │
│                                                                              │
│ Kampagnen:  0 / 1                                                            │
│ Gruppen:    1 / 17                                                           │
│ Beitraege:  3 / 17                                                           │
│ Kommentare: 11 / 170                                                         │
│                                                                              │
│ Heute nicht mehr moeglich:                                                   │
│   post: abgeschaltet (pro_tag 0)                                             │
│                                                                              │
│ 16 Gruppe(n) nach einem Fehlschlag beiseitegelegt. Der Lauf ist deswegen     │
│ nicht abgebrochen; der naechste faengt mit ihnen wieder an.                  │
╰──────────────────────────────────────────────────────────────────────────────╯
[2026-09-23 06:53:03] Lauf beendet (Exit 1)
[2026-09-23 06:58:03] kein Lauf, 1 Gruppe(n) offen - wird fortgesetzt
Lauf 5 wird fortgesetzt
╭───────────────────────────────── Automatik ──────────────────────────────────╮
│ Automatik NICHT vollstaendig abgeschlossen                                   │
│                                                                              │
│ Kampagnen:  0 / 1                                                            │
│ Gruppen:    1 / 17                                                           │
│ Beitraege:  3 / 17                                                           │
│ Kommentare: 11 / 170                                                         │
│                                                                              │
│ Heute nicht mehr moeglich:                                                   │
│   post: abgeschaltet (pro_tag 0)                                             │
│                                                                              │
│ 16 Gruppe(n) nach einem Fehlschlag beiseitegelegt. Der Lauf ist deswegen     │
│ nicht abgebrochen; der naechste faengt mit ihnen wieder an.                  │
╰──────────────────────────────────────────────────────────────────────────────╯
[2026-09-23 06:58:06] Lauf beendet (Exit 1)
[2026-09-23 07:03:06] kein Lauf, 1 Gruppe(n) offen - wird fortgesetzt
Lauf 5 wird fortgesetzt
╭───────────────────────────────── Automatik ──────────────────────────────────╮
│ Automatik NICHT vollstaendig abgeschlossen                                   │
│                                                                              │
│ Kampagnen:  0 / 1                                                            │
│ Gruppen:    1 / 17                                                           │
│ Beitraege:  3 / 17                                                           │
│ Kommentare: 11 / 170                                                         │
│                                                                              │
│ Heute nicht mehr moeglich:                                                   │
│   post: abgeschaltet (pro_tag 0)                                             │
│                                                                              │
│ 16 Gruppe(n) nach einem Fehlschlag beiseitegelegt. Der Lauf ist deswegen     │
│ nicht abgebrochen; der naechste faengt mit ihnen wieder an.                  │
╰──────────────────────────────────────────────────────────────────────────────╯
[2026-09-23 07:03:09] Lauf beendet (Exit 1)
[2026-09-23 07:08:09] kein Lauf, 1 Gruppe(n) offen - wird fortgesetzt
Lauf 5 wird fortgesetzt
╭───────────────────────────────── Automatik ──────────────────────────────────╮
│ Automatik NICHT vollstaendig abgeschlossen                                   │
│                                                                              │
│ Kampagnen:  0 / 1                                                            │
│ Gruppen:    1 / 17                                                           │
│ Beitraege:  3 / 17                                                           │
│ Kommentare: 11 / 170                                                         │
│                                                                              │
│ Heute nicht mehr moeglich:                                                   │
│   post: abgeschaltet (pro_tag 0)                                             │
│                                                                              │
│ 16 Gruppe(n) nach einem Fehlschlag beiseitegelegt. Der Lauf ist deswegen     │
│ nicht abgebrochen; der naechste faengt mit ihnen wieder an.                  │
╰──────────────────────────────────────────────────────────────────────────────╯
[2026-09-23 07:08:12] Lauf beendet (Exit 1)
[2026-09-23 07:13:18] kein Lauf, 1 Gruppe(n) offen - wird fortgesetzt
Lauf 5 wird fortgesetzt
╭───────────────────────────────── Automatik ──────────────────────────────────╮
│ Automatik NICHT vollstaendig abgeschlossen                                   │
│                                                                              │
│ Kampagnen:  0 / 1                                                            │
│ Gruppen:    1 / 17                                                           │
│ Beitraege:  3 / 17                                                           │
│ Kommentare: 11 / 170                                                         │
│                                                                              │
│ Heute nicht mehr moeglich:                                                   │
│   post: abgeschaltet (pro_tag 0)                                             │
│                                                                              │
│ 16 Gruppe(n) nach einem Fehlschlag beiseitegelegt. Der Lauf ist deswegen     │
│ nicht abgebrochen; der naechste faengt mit ihnen wieder an.                  │
╰──────────────────────────────────────────────────────────────────────────────╯
[2026-09-23 07:13:21] Lauf beendet (Exit 1)
[2026-09-23 07:18:21] kein Lauf, 1 Gruppe(n) offen - wird fortgesetzt
Lauf 5 wird fortgesetzt
╭───────────────────────────────── Automatik ──────────────────────────────────╮
│ Automatik NICHT vollstaendig abgeschlossen                                   │
│                                                                              │
│ Kampagnen:  0 / 1                                                            │
│ Gruppen:    1 / 17                                                           │
│ Beitraege:  3 / 17                                                           │
│ Kommentare: 11 / 170                                                         │
│                                                                              │
│ Heute nicht mehr moeglich:                                                   │
│   post: abgeschaltet (pro_tag 0)                                             │
│                                                                              │
│ 16 Gruppe(n) nach einem Fehlschlag beiseitegelegt. Der Lauf ist deswegen     │
│ nicht abgebrochen; der naechste faengt mit ihnen wieder an.                  │
╰──────────────────────────────────────────────────────────────────────────────╯
[2026-09-23 07:18:24] Lauf beendet (Exit 1)
[2026-09-23 07:23:24] kein Lauf, 1 Gruppe(n) offen - wird fortgesetzt
Lauf 5 wird fortgesetzt
╭───────────────────────────────── Automatik ──────────────────────────────────╮
│ Automatik NICHT vollstaendig abgeschlossen                                   │
│                                                                              │
│ Kampagnen:  0 / 1                                                            │
│ Gruppen:    1 / 17                                                           │
│ Beitraege:  3 / 17                                                           │
│ Kommentare: 11 / 170                                                         │
│                                                                              │
│ Heute nicht mehr moeglich:                                                   │
│   post: abgeschaltet (pro_tag 0)                                             │
│                                                                              │
│ 16 Gruppe(n) nach einem Fehlschlag beiseitegelegt. Der Lauf ist deswegen     │
│ nicht abgebrochen; der naechste faengt mit ihnen wieder an.                  │
╰──────────────────────────────────────────────────────────────────────────────╯
[2026-09-23 07:23:27] Lauf beendet (Exit 1)
[2026-09-23 07:28:27] kein Lauf, 1 Gruppe(n) offen - wird fortgesetzt
Lauf 5 wird fortgesetzt
╭───────────────────────────────── Automatik ──────────────────────────────────╮
│ Automatik NICHT vollstaendig abgeschlossen                                   │
│                                                                              │
│ Kampagnen:  0 / 1                                                            │
│ Gruppen:    1 / 17                                                           │
│ Beitraege:  3 / 17                                                           │
│ Kommentare: 11 / 170                                                         │
│                                                                              │
│ Heute nicht mehr moeglich:                                                   │
│   post: abgeschaltet (pro_tag 0)                                             │
│                                                                              │
│ 16 Gruppe(n) nach einem Fehlschlag beiseitegelegt. Der Lauf ist deswegen     │
│ nicht abgebrochen; der naechste faengt mit ihnen wieder an.                  │
╰──────────────────────────────────────────────────────────────────────────────╯
[2026-09-23 07:28:30] Lauf beendet (Exit 1)
[2026-09-23 07:32:04] === Nachtlauf gestartet (PID 370248) ===
[2026-09-23 07:32:04] Stunde um - frische Liste mit --neu
Neuer Lauf 6
Batreeq Syrian Germany - Neubewertung
  17 Gruppen bewertet, 0 mit geaendertem Score
Araber in Berlin Gruppe | العرب في برلين - Kommentar 2/10 (Fassung 2)
Navigating to https://www.facebook.com/groups/arabinberlin to fetch posts...
Found 11 post(s) in 5 round(s); articles last seen: 17.
  [Versuch 1/3] direct_app_recommendation: versand/fragt/gegenstand (بعت), Bezug
belegt
  Vorlage ar/anlaesse/gegenstand/sagheer (tracking_link)
Navigating to post 
https://www.facebook.com/groups/arabinberlin/posts/1682350506750656/...
Looking for the comment box...
Could not find the comment box. Are comments allowed on this post? (Textfelder: 
0)
  [Ergebnis] technisch fehlgeschlagen: Kommentarfeld nicht gefunden [Aktion] 
naechster Beitrag
  fehlgeschlagen: Kommentarfeld nicht gefunden (1 Beitraege versucht)
  Araber in Berlin Gruppe | العرب في برلين: in diesem Lauf uebersprungen
Takt: noch 12 Min
Arabische Studierende in Berlin-الطلاب العرب في برلين - Kommentar 2/10 (Fassung 
2)
Navigating to https://www.facebook.com/groups/arab.in.deutschland to fetch 
posts...
Found 7 post(s) in 5 round(s); articles last seen: 17.
  kein Anlass: kein passender Beitrag (kein Bezug zum Angebot (sonstiges))
  Arabische Studierende in Berlin-الطلاب العرب في برلين: in diesem Lauf 
uebersprungen
سوريين في برلين/إستشارات/ فرص عمل / بيوت للإيجار - Kommentar 2/10 (Fassung 2)
Navigating to https://www.facebook.com/groups/1477938102509363 to fetch posts...
Found 8 post(s) in 5 round(s); articles last seen: 23.
  [Versuch 1/3] direct_app_recommendation: versand/unbekannt (شحن), Bezug belegt
Navigating to post 
https://www.facebook.com/groups/1477938102509363/posts/4045873182382496/...
Looking for the comment box...
Kommentarfeld gefunden (letztes Feld).
Typing comment (pasting/inserting directly)...
Submitting comment (pressing Enter)...
Comment submitted successfully!
  veroeffentlicht
Takt: noch 10 Min
سوريين في برلين/إستشارات/ فرص عمل / بيوت للإيجار - Kommentar 3/10 (Fassung 3)
Navigating to https://www.facebook.com/groups/1477938102509363 to fetch posts...
Found 8 post(s) in 5 round(s); articles last seen: 23.
  kein Anlass: kein passender Beitrag (kein Bezug zum Angebot (job), kein Bezug 
zum Angebot (sonstiges))
  سوريين في برلين/إستشارات/ فرص عمل / بيوت للإيجار: in diesem Lauf uebersprungen
سوق العرب في برلين Arabischer Flohmarkt in Berlin - Kommentar 1/10 (Fassung 1)
Navigating to https://www.facebook.com/groups/266394850499868 to fetch posts...
Found 7 post(s) in 5 round(s); articles last seen: 13.
  kein Anlass: kein passender Beitrag (kein Bezug zum Angebot (sonstiges), kein 
Bezug zum Angebot (wohnung))
  سوق العرب في برلين Arabischer Flohmarkt in Berlin: in diesem Lauf 
uebersprungen
برلين ألمانيا فرص العمل في ألمانيا( 12) - Kommentar 3/10 (Fassung 3)
Navigating to https://www.facebook.com/groups/460113895124111 to fetch posts...
Found 5 post(s) in 5 round(s); articles last seen: 12.
  kein Anlass: kein passender Beitrag (kein Bezug zum Angebot (sonstiges), kein 
Bezug zum Angebot (wohnung))
  برلين ألمانيا فرص العمل في ألمانيا( 12): in diesem Lauf uebersprungen
ســفارة الجمهوريـة العربيـة السوريـة-برليــن - Kommentar 1/10 (Fassung 1)
Navigating to https://www.facebook.com/groups/998502627289006 to fetch posts...
Found 8 post(s) in 5 round(s); articles last seen: 19.
  kein Anlass: kein passender Beitrag (kein Bezug zum Angebot (behoerde), kein 
Bezug zum Angebot (job))
  ســفارة الجمهوريـة العربيـة السوريـة-برليــن: in diesem Lauf uebersprungen
سوريون مقيمين في برلين - Kommentar 1/10 (Fassung 1)
Navigating to https://www.facebook.com/groups/1060505847347081 to fetch posts...
Found 7 post(s) in 5 round(s); articles last seen: 13.
  kein Anlass: kein passender Beitrag (kein Bezug zum Angebot (job), kein Bezug 
zum Angebot (sonstiges))
  سوريون مقيمين في برلين: in diesem Lauf uebersprungen
عرب برلين Arab Berlin - Kommentar 1/10 (Fassung 1)
Navigating to https://www.facebook.com/groups/araberlin to fetch posts...
Found 7 post(s) in 5 round(s); articles last seen: 13.
  kein Anlass: kein passender Beitrag (kein Bezug zum Angebot (sonstiges))
  عرب برلين Arab Berlin: in diesem Lauf uebersprungen
السوريين في برلين - Kommentar 1/10 (Fassung 1)
Navigating to https://www.facebook.com/groups/888294561239687 to fetch posts...
Found 6 post(s) in 5 round(s); articles last seen: 13.
  kein Anlass: kein passender Beitrag (kein Bezug zum Angebot (dienstleistung), 
kein Bezug zum Angebot (sonstiges))
  السوريين في برلين: in diesem Lauf uebersprungen
السوريين في برلين Syrer in Berlin - Kommentar 2/10 (Fassung 2)
Navigating to https://www.facebook.com/groups/828811960577355 to fetch posts...
Found 8 post(s) in 5 round(s); articles last seen: 19.
  kein Anlass: kein passender Beitrag (kein Bezug zum Angebot (behoerde), kein 
Bezug zum Angebot (empfehlung))
  السوريين في برلين Syrer in Berlin: in diesem Lauf uebersprungen
السوريين في برلين Syrians in Berlin - Kommentar 2/10 (Fassung 2)
Navigating to https://www.facebook.com/groups/668139805288848 to fetch posts...
Found 6 post(s) in 5 round(s); articles last seen: 14.
  kein Anlass: kein passender Beitrag (kein Bezug zum Angebot (dienstleistung), 
kein Bezug zum Angebot (kauf_verkauf))
  السوريين في برلين Syrians in Berlin: in diesem Lauf uebersprungen
سورين في برلين Syrer in berlin - Kommentar 2/10 (Fassung 2)
Navigating to https://www.facebook.com/groups/1763513853863066 to fetch posts...
Found 6 post(s) in 5 round(s); articles last seen: 13.
  kein Anlass: kein passender Beitrag (kein Bezug zum Angebot (kauf_verkauf), 
kein Bezug zum Angebot (sonstiges))
  سورين في برلين Syrer in berlin: in diesem Lauf uebersprungen
سوريين في المانيا 🇩🇪 برلين بوتسدام ⭐ Syrians in Potsdam - Kommentar 3/10 
(Fassung 3)
Navigating to https://www.facebook.com/groups/1033281186737137 to fetch posts...
Found 7 post(s) in 5 round(s); articles last seen: 12.
  kein Anlass: kein passender Beitrag (kein Bezug zum Angebot (kauf_verkauf), 
kein Bezug zum Angebot (sonstiges))
  سوريين في المانيا 🇩🇪 برلين بوتسدام ⭐ Syrians in Potsdam: in diesem Lauf 
uebersprungen
سوريين في برلين المانيا Syrer in Berlin 🇸🇾🇩🇪 - Kommentar 1/10 (Fassung 1)
Navigating to https://www.facebook.com/groups/860952507320595 to fetch posts...
Keine Artikel im Aufbau gefunden - es wird trotzdem gesucht.
Found 0 post(s) in 5 round(s); articles last seen: 0.
  fehlgeschlagen: keine Beitraege zum Kommentieren gefunden
  سوريين في برلين المانيا Syrer in Berlin 🇸🇾🇩🇪: in diesem Lauf uebersprungen
Takt: noch 10 Min
شارع العرب في برلين - Kommentar 1/10 (Fassung 1)
Navigating to https://www.facebook.com/groups/266728025104178 to fetch posts...
Keine Artikel im Aufbau gefunden - es wird trotzdem gesucht.
Found 0 post(s) in 5 round(s); articles last seen: 0.
  fehlgeschlagen: keine Beitraege zum Kommentieren gefunden
  شارع العرب في برلين: in diesem Lauf uebersprungen
Takt: noch 12 Min
عرب برلين المانيا بوتسدام - Kommentar 2/10 (Fassung 2)
Navigating to https://www.facebook.com/groups/1624197331206590 to fetch posts...
Found 6 post(s) in 5 round(s); articles last seen: 12.
  kein Anlass: kein passender Beitrag (kein Bezug zum Angebot (kauf_verkauf), 
kein Bezug zum Angebot (sonstiges))
  عرب برلين المانيا بوتسدام: in diesem Lauf uebersprungen
╭───────────────────────────────── Automatik ──────────────────────────────────╮
│ Automatik NICHT vollstaendig abgeschlossen                                   │
│                                                                              │
│ Kampagnen:  0 / 1                                                            │
│ Gruppen:    1 / 17                                                           │
│ Beitraege:  3 / 17                                                           │
│ Kommentare: 12 / 170                                                         │
│                                                                              │
│ Heute nicht mehr moeglich:                                                   │
│   post: abgeschaltet (pro_tag 0)                                             │
│                                                                              │
│ 16 Gruppe(n) nach einem Fehlschlag beiseitegelegt. Der Lauf ist deswegen     │
│ nicht abgebrochen; der naechste faengt mit ihnen wieder an.                  │
╰──────────────────────────────────────────────────────────────────────────────╯
[2026-09-23 08:26:00] Lauf beendet (Exit 1) - Kommentare: 11 -> 12 (+1)
[2026-09-23 08:31:00] kein Lauf - wird fortgesetzt (--neu in 1 Min)
Lauf 6 wird fortgesetzt
╭───────────────────────────────── Automatik ──────────────────────────────────╮
│ Automatik NICHT vollstaendig abgeschlossen                                   │
│                                                                              │
│ Kampagnen:  0 / 1                                                            │
│ Gruppen:    1 / 17                                                           │
│ Beitraege:  3 / 17                                                           │
│ Kommentare: 12 / 170                                                         │
│                                                                              │
│ Heute nicht mehr moeglich:                                                   │
│   post: abgeschaltet (pro_tag 0)                                             │
│                                                                              │
│ 16 Gruppe(n) nach einem Fehlschlag beiseitegelegt. Der Lauf ist deswegen     │
│ nicht abgebrochen; der naechste faengt mit ihnen wieder an.                  │
╰──────────────────────────────────────────────────────────────────────────────╯
[2026-09-23 08:31:03] Lauf beendet (Exit 1) - Kommentare: 12 -> 12 (+0)
[2026-09-23 08:36:04] Stunde um - frische Liste mit --neu
Neuer Lauf 7
Batreeq Syrian Germany - Neubewertung
  17 Gruppen bewertet, 0 mit geaendertem Score
Araber in Berlin Gruppe | العرب في برلين - Kommentar 2/10 (Fassung 2)
Navigating to https://www.facebook.com/groups/arabinberlin to fetch posts...
Found 13 post(s) in 5 round(s); articles last seen: 18.
  [Versuch 1/3] direct_app_recommendation: versand/fragt/gegenstand (بعت), Bezug
belegt
  Vorlage ar/anlaesse/gegenstand/sagheer (tracking_link)
Navigating to post 
https://www.facebook.com/groups/arabinberlin/posts/1682350506750656/...
Looking for the comment box...
Could not find the comment box. Are comments allowed on this post? (Textfelder: 
0)
  [Ergebnis] technisch fehlgeschlagen: Kommentarfeld nicht gefunden [Aktion] 
naechster Beitrag
  fehlgeschlagen: Kommentarfeld nicht gefunden (1 Beitraege versucht)
  Araber in Berlin Gruppe | العرب في برلين: in diesem Lauf uebersprungen
Takt: noch 6 Min
Arabische Studierende in Berlin-الطلاب العرب في برلين - Kommentar 2/10 (Fassung 
2)
Navigating to https://www.facebook.com/groups/arab.in.deutschland to fetch 
posts...
Error parsing article: Locator.get_attribute: Timeout 30000ms exceeded.
Call log:
  - waiting for locator("div").first.locator(", , , , , ").first

Found 6 post(s) in 5 round(s); articles last seen: 12.
  kein Anlass: kein passender Beitrag (kein Bezug zum Angebot (sonstiges))
  Arabische Studierende in Berlin-الطلاب العرب في برلين: in diesem Lauf 
uebersprungen
سوريين في برلين/إستشارات/ فرص عمل / بيوت للإيجار - Kommentar 3/10 (Fassung 3)
Navigating to https://www.facebook.com/groups/1477938102509363 to fetch posts...
Found 9 post(s) in 5 round(s); articles last seen: 19.
  kein Anlass: kein passender Beitrag (kein Bezug zum Angebot (reise), kein 
Bezug zum Angebot (sonstiges))
  سوريين في برلين/إستشارات/ فرص عمل / بيوت للإيجار: in diesem Lauf uebersprungen
سوق العرب في برلين Arabischer Flohmarkt in Berlin - Kommentar 1/10 (Fassung 1)
Navigating to https://www.facebook.com/groups/266394850499868 to fetch posts...
Found 6 post(s) in 5 round(s); articles last seen: 10.
  kein Anlass: kein passender Beitrag (kein Bezug zum Angebot (sonstiges), kein 
Bezug zum Angebot (wohnung))
  سوق العرب في برلين Arabischer Flohmarkt in Berlin: in diesem Lauf 
uebersprungen
برلين ألمانيا فرص العمل في ألمانيا( 12) - Kommentar 3/10 (Fassung 3)
Navigating to https://www.facebook.com/groups/460113895124111 to fetch posts...
Found 5 post(s) in 5 round(s); articles last seen: 12.
  kein Anlass: kein passender Beitrag (kein Bezug zum Angebot (sonstiges), kein 
Bezug zum Angebot (wohnung))
  برلين ألمانيا فرص العمل في ألمانيا( 12): in diesem Lauf uebersprungen
ســفارة الجمهوريـة العربيـة السوريـة-برليــن - Kommentar 1/10 (Fassung 1)
Navigating to https://www.facebook.com/groups/998502627289006 to fetch posts...
Error parsing article: Locator.get_attribute: Timeout 30000ms exceeded.
Call log:
  - waiting for locator("div").first.locator("a").nth(1)

Found 8 post(s) in 5 round(s); articles last seen: 19.
  kein Anlass: kein passender Beitrag (kein Bezug zum Angebot (behoerde), kein 
Bezug zum Angebot (job))
  ســفارة الجمهوريـة العربيـة السوريـة-برليــن: in diesem Lauf uebersprungen
سوريون مقيمين في برلين - Kommentar 1/10 (Fassung 1)
Navigating to https://www.facebook.com/groups/1060505847347081 to fetch posts...
Found 6 post(s) in 5 round(s); articles last seen: 11.
  kein Anlass: kein passender Beitrag (kein Bezug zum Angebot (job), kein Bezug 
zum Angebot (sonstiges))
  سوريون مقيمين في برلين: in diesem Lauf uebersprungen
عرب برلين Arab Berlin - Kommentar 1/10 (Fassung 1)
Navigating to https://www.facebook.com/groups/araberlin to fetch posts...
Found 6 post(s) in 5 round(s); articles last seen: 9.
  kein Anlass: kein passender Beitrag (kein Bezug zum Angebot (sonstiges))
  عرب برلين Arab Berlin: in diesem Lauf uebersprungen
السوريين في برلين - Kommentar 1/10 (Fassung 1)
Navigating to https://www.facebook.com/groups/888294561239687 to fetch posts...
  fehlgeschlagen: Page.goto: Timeout 60000ms exceeded.
Takt: noch 9 Min
السوريين في برلين - Kommentar 1/10 (Fassung 1)
Navigating to https://www.facebook.com/groups/888294561239687 to fetch posts...
Found 7 post(s) in 5 round(s); articles last seen: 10.
  kein Anlass: kein passender Beitrag (kein Bezug zum Angebot (behoerde), kein 
Bezug zum Angebot (dienstleistung))
  السوريين في برلين: in diesem Lauf uebersprungen
السوريين في برلين Syrer in Berlin - Kommentar 2/10 (Fassung 2)
Navigating to https://www.facebook.com/groups/828811960577355 to fetch posts...
Found 9 post(s) in 5 round(s); articles last seen: 18.
  kein Anlass: kein passender Beitrag (kein Bezug zum Angebot (behoerde), kein 
Bezug zum Angebot (dienstleistung))
  السوريين في برلين Syrer in Berlin: in diesem Lauf uebersprungen
السوريين في برلين Syrians in Berlin - Kommentar 2/10 (Fassung 2)
Navigating to https://www.facebook.com/groups/668139805288848 to fetch posts...
Found 5 post(s) in 5 round(s); articles last seen: 11.
  kein Anlass: kein passender Beitrag (kein Bezug zum Angebot (dienstleistung), 
kein Bezug zum Angebot (kauf_verkauf))
  السوريين في برلين Syrians in Berlin: in diesem Lauf uebersprungen
سورين في برلين Syrer in berlin - Kommentar 2/10 (Fassung 2)
Navigating to https://www.facebook.com/groups/1763513853863066 to fetch posts...
Found 7 post(s) in 5 round(s); articles last seen: 10.
  kein Anlass: kein passender Beitrag (kein Bezug zum Angebot (job), kein Bezug 
zum Angebot (kauf_verkauf))
  سورين في برلين Syrer in berlin: in diesem Lauf uebersprungen
سوريين في المانيا 🇩🇪 برلين بوتسدام ⭐ Syrians in Potsdam - Kommentar 3/10 
(Fassung 3)
Navigating to https://www.facebook.com/groups/1033281186737137 to fetch posts...
Found 7 post(s) in 5 round(s); articles last seen: 11.
  kein Anlass: kein passender Beitrag (kein Bezug zum Angebot (kauf_verkauf), 
kein Bezug zum Angebot (sonstiges))
  سوريين في المانيا 🇩🇪 برلين بوتسدام ⭐ Syrians in Potsdam: in diesem Lauf 
uebersprungen
سوريين في برلين المانيا Syrer in Berlin 🇸🇾🇩🇪 - Kommentar 1/10 (Fassung 1)
Navigating to https://www.facebook.com/groups/860952507320595 to fetch posts...
Keine Artikel im Aufbau gefunden - es wird trotzdem gesucht.
Found 0 post(s) in 5 round(s); articles last seen: 0.
  fehlgeschlagen: keine Beitraege zum Kommentieren gefunden
  سوريين في برلين المانيا Syrer in Berlin 🇸🇾🇩🇪: in diesem Lauf uebersprungen
Takt: noch 10 Min
شارع العرب في برلين - Kommentar 1/10 (Fassung 1)
Navigating to https://www.facebook.com/groups/266728025104178 to fetch posts...
Keine Artikel im Aufbau gefunden - es wird trotzdem gesucht.
Found 0 post(s) in 5 round(s); articles last seen: 0.
  fehlgeschlagen: keine Beitraege zum Kommentieren gefunden
  شارع العرب في برلين: in diesem Lauf uebersprungen
Takt: noch 6 Min
عرب برلين المانيا بوتسدام - Kommentar 2/10 (Fassung 2)
Navigating to https://www.facebook.com/groups/1624197331206590 to fetch posts...
Found 5 post(s) in 5 round(s); articles last seen: 7.
  kein Anlass: kein passender Beitrag (kein Bezug zum Angebot (kauf_verkauf), 
kein Bezug zum Angebot (sonstiges))
  عرب برلين المانيا بوتسدام: in diesem Lauf uebersprungen
╭───────────────────────────────── Automatik ──────────────────────────────────╮
│ Automatik NICHT vollstaendig abgeschlossen                                   │
│                                                                              │
│ Kampagnen:  0 / 1                                                            │
│ Gruppen:    1 / 17                                                           │
│ Beitraege:  3 / 17                                                           │
│ Kommentare: 12 / 170                                                         │
│                                                                              │
│ Heute nicht mehr moeglich:                                                   │
│   post: abgeschaltet (pro_tag 0)                                             │
│                                                                              │
│ 16 Gruppe(n) nach einem Fehlschlag beiseitegelegt. Der Lauf ist deswegen     │
│ nicht abgebrochen; der naechste faengt mit ihnen wieder an.                  │
╰──────────────────────────────────────────────────────────────────────────────╯
[2026-09-23 09:18:26] Lauf beendet (Exit 1) - Kommentare: 12 -> 12 (+0)
[2026-09-23 09:23:27] kein Lauf - wird fortgesetzt (--neu in 12 Min)
Lauf 7 wird fortgesetzt
╭───────────────────────────────── Automatik ──────────────────────────────────╮
│ Automatik NICHT vollstaendig abgeschlossen                                   │
│                                                                              │
│ Kampagnen:  0 / 1                                                            │
│ Gruppen:    1 / 17                                                           │
│ Beitraege:  3 / 17                                                           │
│ Kommentare: 12 / 170                                                         │
│                                                                              │
│ Heute nicht mehr moeglich:                                                   │
│   post: abgeschaltet (pro_tag 0)                                             │
│                                                                              │
│ 16 Gruppe(n) nach einem Fehlschlag beiseitegelegt. Der Lauf ist deswegen     │
│ nicht abgebrochen; der naechste faengt mit ihnen wieder an.                  │
╰──────────────────────────────────────────────────────────────────────────────╯
[2026-09-23 09:23:29] Lauf beendet (Exit 1) - Kommentare: 12 -> 12 (+0)
[2026-09-23 09:28:30] kein Lauf - wird fortgesetzt (--neu in 7 Min)
Lauf 7 wird fortgesetzt
╭───────────────────────────────── Automatik ──────────────────────────────────╮
│ Automatik NICHT vollstaendig abgeschlossen                                   │
│                                                                              │
│ Kampagnen:  0 / 1                                                            │
│ Gruppen:    1 / 17                                                           │
│ Beitraege:  3 / 17                                                           │
│ Kommentare: 12 / 170                                                         │
│                                                                              │
│ Heute nicht mehr moeglich:                                                   │
│   post: abgeschaltet (pro_tag 0)                                             │
│                                                                              │
│ 16 Gruppe(n) nach einem Fehlschlag beiseitegelegt. Der Lauf ist deswegen     │
│ nicht abgebrochen; der naechste faengt mit ihnen wieder an.                  │
╰──────────────────────────────────────────────────────────────────────────────╯
[2026-09-23 09:28:32] Lauf beendet (Exit 1) - Kommentare: 12 -> 12 (+0)
[2026-09-23 09:33:38] kein Lauf - wird fortgesetzt (--neu in 2 Min)
Lauf 7 wird fortgesetzt
╭───────────────────────────────── Automatik ──────────────────────────────────╮
│ Automatik NICHT vollstaendig abgeschlossen                                   │
│                                                                              │
│ Kampagnen:  0 / 1                                                            │
│ Gruppen:    1 / 17                                                           │
│ Beitraege:  3 / 17                                                           │
│ Kommentare: 12 / 170                                                         │
│                                                                              │
│ Heute nicht mehr moeglich:                                                   │
│   post: abgeschaltet (pro_tag 0)                                             │
│                                                                              │
│ 16 Gruppe(n) nach einem Fehlschlag beiseitegelegt. Der Lauf ist deswegen     │
│ nicht abgebrochen; der naechste faengt mit ihnen wieder an.                  │
╰──────────────────────────────────────────────────────────────────────────────╯
[2026-09-23 09:33:41] Lauf beendet (Exit 1) - Kommentare: 12 -> 12 (+0)
[2026-09-23 09:38:41] Stunde um - frische Liste mit --neu
Neuer Lauf 8
Batreeq Syrian Germany - Neubewertung
  17 Gruppen bewertet, 0 mit geaendertem Score
Araber in Berlin Gruppe | العرب في برلين - Kommentar 2/10 (Fassung 2)
Navigating to https://www.facebook.com/groups/arabinberlin to fetch posts...
Found 10 post(s) in 5 round(s); articles last seen: 15.
  [Versuch 1/3] direct_app_recommendation: versand/fragt/gegenstand (بعت), Bezug
belegt
  Vorlage ar/anlaesse/gegenstand/sagheer (tracking_link)
Navigating to post 
https://www.facebook.com/groups/arabinberlin/posts/1682350506750656/...
Looking for the comment box...
Could not find the comment box. Are comments allowed on this post? (Textfelder: 
0)
  [Ergebnis] technisch fehlgeschlagen: Kommentarfeld nicht gefunden [Aktion] 
naechster Beitrag
  fehlgeschlagen: Kommentarfeld nicht gefunden (1 Beitraege versucht)
  Araber in Berlin Gruppe | العرب في برلين: in diesem Lauf uebersprungen
Takt: noch 9 Min
[2026-09-23 09:40:35] === Nachtlauf gestartet (PID 440049) ===
[2026-09-23 09:40:36] laeuft - nichts zu tun
[2026-09-23 09:45:36] laeuft - nichts zu tun
Arabische Studierende in Berlin-الطلاب العرب في برلين - Kommentar 2/10 (Fassung 
2)
Navigating to https://www.facebook.com/groups/arab.in.deutschland to fetch 
posts...
Found 7 post(s) in 5 round(s); articles last seen: 8.
  kein Anlass: kein passender Beitrag (kein Bezug zum Angebot (sonstiges))
  Arabische Studierende in Berlin-الطلاب العرب في برلين: in diesem Lauf 
uebersprungen
سوريين في برلين/إستشارات/ فرص عمل / بيوت للإيجار - Kommentar 3/10 (Fassung 3)
Navigating to https://www.facebook.com/groups/1477938102509363 to fetch posts...
[2026-09-23 09:50:36] laeuft - nichts zu tun
Error parsing article: Locator.get_attribute: Timeout 30000ms exceeded.
Call log:
  - waiting for locator("div").nth(19).locator("a").nth(1)

Found 7 post(s) in 5 round(s); articles last seen: 27.
  kein Anlass: kein passender Beitrag (kein Bezug zum Angebot (reise), kein 
Bezug zum Angebot (sonstiges))
  سوريين في برلين/إستشارات/ فرص عمل / بيوت للإيجار: in diesem Lauf uebersprungen
سوق العرب في برلين Arabischer Flohmarkt in Berlin - Kommentar 1/10 (Fassung 1)
Navigating to https://www.facebook.com/groups/266394850499868 to fetch posts...
Error parsing article: Locator.get_attribute: Timeout 30000ms exceeded.
Call log:
  - waiting for locator("div").first.locator("a").nth(4)

Found 6 post(s) in 5 round(s); articles last seen: 13.
  kein Anlass: kein passender Beitrag (kein Bezug zum Angebot (sonstiges), kein 
Bezug zum Angebot (wohnung))
  سوق العرب في برلين Arabischer Flohmarkt in Berlin: in diesem Lauf 
uebersprungen
برلين ألمانيا فرص العمل في ألمانيا( 12) - Kommentar 3/10 (Fassung 3)
Navigating to https://www.facebook.com/groups/460113895124111 to fetch posts...
Found 7 post(s) in 5 round(s); articles last seen: 12.
  kein Anlass: kein passender Beitrag (kein Bezug zum Angebot (sonstiges), kein 
Bezug zum Angebot (wohnung))
  برلين ألمانيا فرص العمل في ألمانيا( 12): in diesem Lauf uebersprungen
ســفارة الجمهوريـة العربيـة السوريـة-برليــن - Kommentar 1/10 (Fassung 1)
Navigating to https://www.facebook.com/groups/998502627289006 to fetch posts...
Found 9 post(s) in 5 round(s); articles last seen: 17.
  kein Anlass: kein passender Beitrag (kein Bezug zum Angebot (behoerde), kein 
Bezug zum Angebot (job))
  ســفارة الجمهوريـة العربيـة السوريـة-برليــن: in diesem Lauf uebersprungen
سوريون مقيمين في برلين - Kommentar 1/10 (Fassung 1)
Navigating to https://www.facebook.com/groups/1060505847347081 to fetch posts...
Error parsing article: Locator.get_attribute: Timeout 30000ms exceeded.
Call log:
  - waiting for locator("div").nth(1).locator(", , , , , ").first

Found 6 post(s) in 5 round(s); articles last seen: 9.
  kein Anlass: kein passender Beitrag (kein Bezug zum Angebot (job), kein Bezug 
zum Angebot (sonstiges))
  سوريون مقيمين في برلين: in diesem Lauf uebersprungen
عرب برلين Arab Berlin - Kommentar 1/10 (Fassung 1)
Navigating to https://www.facebook.com/groups/araberlin to fetch posts...
Error parsing article: Locator.get_attribute: Timeout 30000ms exceeded.
Call log:
  - waiting for locator("div").nth(1).locator("a").nth(1)

Found 6 post(s) in 5 round(s); articles last seen: 10.
  kein Anlass: kein passender Beitrag (kein Bezug zum Angebot (dienstleistung), 
kein Bezug zum Angebot (sonstiges))
  عرب برلين Arab Berlin: in diesem Lauf uebersprungen
السوريين في برلين - Kommentar 1/10 (Fassung 1)
Navigating to https://www.facebook.com/groups/888294561239687 to fetch posts...
Found 7 post(s) in 5 round(s); articles last seen: 9.
  kein Anlass: kein passender Beitrag (kein Bezug zum Angebot (kauf_verkauf), 
kein Bezug zum Angebot (sonstiges))
  السوريين في برلين: in diesem Lauf uebersprungen
السوريين في برلين Syrer in Berlin - Kommentar 2/10 (Fassung 2)
Navigating to https://www.facebook.com/groups/828811960577355 to fetch posts...
Error parsing article: Locator.get_attribute: Timeout 30000ms exceeded.
Call log:
  - waiting for locator("div").nth(14).locator(", , , , , ").first

Found 8 post(s) in 5 round(s); articles last seen: 24.
  kein Anlass: kein passender Beitrag (kein Bezug zum Angebot (behoerde), kein 
Bezug zum Angebot (empfehlung))
  السوريين في برلين Syrer in Berlin: in diesem Lauf uebersprungen
السوريين في برلين Syrians in Berlin - Kommentar 2/10 (Fassung 2)
Navigating to https://www.facebook.com/groups/668139805288848 to fetch posts...
Found 7 post(s) in 5 round(s); articles last seen: 11.
  kein Anlass: kein passender Beitrag (kein Bezug zum Angebot (dienstleistung), 
kein Bezug zum Angebot (kauf_verkauf))
  السوريين في برلين Syrians in Berlin: in diesem Lauf uebersprungen
سورين في برلين Syrer in berlin - Kommentar 2/10 (Fassung 2)
Navigating to https://www.facebook.com/groups/1763513853863066 to fetch posts...
Found 5 post(s) in 5 round(s); articles last seen: 10.
  kein Anlass: kein passender Beitrag (kein Bezug zum Angebot (kauf_verkauf), 
kein Bezug zum Angebot (sonstiges))
  سورين في برلين Syrer in berlin: in diesem Lauf uebersprungen
سوريين في المانيا 🇩🇪 برلين بوتسدام ⭐ Syrians in Potsdam - Kommentar 3/10 
(Fassung 3)
Navigating to https://www.facebook.com/groups/1033281186737137 to fetch posts...
Found 10 post(s) in 5 round(s); articles last seen: 13.
  [Versuch 1/3] direct_app_recommendation: versand/bietet/bietet_mitnahme (شحن),
Bezug belegt
  Vorlage ar/anlaesse/bietet_mitnahme/talabat (tracking_link)
Navigating to post 
https://www.facebook.com/groups/1033281186737137/posts/28781038388201377/...
Looking for the comment box...
Kommentarfeld gefunden (beschriftet).
Typing comment (pasting/inserting directly)...
Submitting comment (pressing Enter)...
Comment submitted successfully!
  veroeffentlicht
Takt: noch 7 Min
[2026-09-23 09:55:42] laeuft - nichts zu tun
[2026-09-23 10:00:42] laeuft - nichts zu tun
سوريين في المانيا 🇩🇪 برلين بوتسدام ⭐ Syrians in Potsdam - Kommentar 4/10 
(Fassung 4)
Navigating to https://www.facebook.com/groups/1033281186737137 to fetch posts...
Found 10 post(s) in 5 round(s); articles last seen: 13.
  kein Anlass: kein passender Beitrag (kein Bezug zum Angebot (kauf_verkauf), 
kein Bezug zum Angebot (sonstiges))
  سوريين في المانيا 🇩🇪 برلين بوتسدام ⭐ Syrians in Potsdam: in diesem Lauf 
uebersprungen
سوريين في برلين المانيا Syrer in Berlin 🇸🇾🇩🇪 - Kommentar 1/10 (Fassung 1)
Navigating to https://www.facebook.com/groups/860952507320595 to fetch posts...
Keine Artikel im Aufbau gefunden - es wird trotzdem gesucht.
Found 0 post(s) in 5 round(s); articles last seen: 0.
  fehlgeschlagen: keine Beitraege zum Kommentieren gefunden
  سوريين في برلين المانيا Syrer in Berlin 🇸🇾🇩🇪: in diesem Lauf uebersprungen
Takt: noch 12 Min
[2026-09-23 10:05:43] laeuft - nichts zu tun
[2026-09-23 10:10:43] laeuft - nichts zu tun
[2026-09-23 10:15:49] laeuft - nichts zu tun
شارع العرب في برلين - Kommentar 1/10 (Fassung 1)
Navigating to https://www.facebook.com/groups/266728025104178 to fetch posts...
Keine Artikel im Aufbau gefunden - es wird trotzdem gesucht.
Found 0 post(s) in 5 round(s); articles last seen: 0.
  fehlgeschlagen: keine Beitraege zum Kommentieren gefunden
  شارع العرب في برلين: in diesem Lauf uebersprungen
Takt: noch 10 Min
[2026-09-23 10:20:50] laeuft - nichts zu tun
[2026-09-23 10:25:50] laeuft - nichts zu tun
عرب برلين المانيا بوتسدام - Kommentar 2/10 (Fassung 2)
Navigating to https://www.facebook.com/groups/1624197331206590 to fetch posts...
Found 7 post(s) in 5 round(s); articles last seen: 9.
  kein Anlass: kein passender Beitrag (kein Bezug zum Angebot (kauf_verkauf), 
kein Bezug zum Angebot (sonstiges))
  عرب برلين المانيا بوتسدام: in diesem Lauf uebersprungen
╭───────────────────────────────── Automatik ──────────────────────────────────╮
│ Automatik NICHT vollstaendig abgeschlossen                                   │
│                                                                              │
│ Kampagnen:  0 / 1                                                            │
│ Gruppen:    1 / 17                                                           │
│ Beitraege:  3 / 17                                                           │
│ Kommentare: 13 / 170                                                         │
│                                                                              │
│ Heute nicht mehr moeglich:                                                   │
│   post: abgeschaltet (pro_tag 0)                                             │
│                                                                              │
│ 16 Gruppe(n) nach einem Fehlschlag beiseitegelegt. Der Lauf ist deswegen     │
│ nicht abgebrochen; der naechste faengt mit ihnen wieder an.                  │
╰──────────────────────────────────────────────────────────────────────────────╯
[2026-09-23 10:30:50] Stunde um - frische Liste mit --neu
Neuer Lauf 9
Batreeq Syrian Germany - Neubewertung
  17 Gruppen bewertet, 0 mit geaendertem Score
Araber in Berlin Gruppe | العرب في برلين - Kommentar 2/10 (Fassung 2)
Navigating to https://www.facebook.com/groups/arabinberlin to fetch posts...
Found 8 post(s) in 5 round(s); articles last seen: 15.
  [Versuch 1/3] direct_app_recommendation: versand/fragt/gegenstand (بعت), Bezug
belegt
  Vorlage ar/anlaesse/gegenstand/sagheer (tracking_link)
Navigating to post 
https://www.facebook.com/groups/arabinberlin/posts/1682350506750656/...
Looking for the comment box...
Could not find the comment box. Are comments allowed on this post? (Textfelder: 
0)
  [Ergebnis] technisch fehlgeschlagen: Kommentarfeld nicht gefunden [Aktion] 
naechster Beitrag
  fehlgeschlagen: Kommentarfeld nicht gefunden (1 Beitraege versucht)
  Araber in Berlin Gruppe | العرب في برلين: in diesem Lauf uebersprungen
Takt: noch 10 Min
Arabische Studierende in Berlin-الطلاب العرب في برلين - Kommentar 2/10 (Fassung 
2)
Navigating to https://www.facebook.com/groups/arab.in.deutschland to fetch 
posts...
Found 6 post(s) in 5 round(s); articles last seen: 7.
  kein Anlass: kein passender Beitrag (kein Bezug zum Angebot (sonstiges))
  Arabische Studierende in Berlin-الطلاب العرب في برلين: in diesem Lauf 
uebersprungen
سوريين في برلين/إستشارات/ فرص عمل / بيوت للإيجار - Kommentar 3/10 (Fassung 3)
Navigating to https://www.facebook.com/groups/1477938102509363 to fetch posts...
Found 8 post(s) in 5 round(s); articles last seen: 20.
  kein Anlass: kein passender Beitrag (kein Bezug zum Angebot (kauf_verkauf), 
kein Bezug zum Angebot (reise))
  سوريين في برلين/إستشارات/ فرص عمل / بيوت للإيجار: in diesem Lauf uebersprungen
سوق العرب في برلين Arabischer Flohmarkt in Berlin - Kommentar 1/10 (Fassung 1)
Navigating to https://www.facebook.com/groups/266394850499868 to fetch posts...
Error parsing article: Locator.get_attribute: Timeout 30000ms exceeded.
Call log:
  - waiting for locator("div").first.locator("a").nth(3)

Found 6 post(s) in 5 round(s); articles last seen: 11.
  kein Anlass: kein passender Beitrag (kein Bezug zum Angebot (reise), kein 
Bezug zum Angebot (sonstiges))
  سوق العرب في برلين Arabischer Flohmarkt in Berlin: in diesem Lauf 
uebersprungen
برلين ألمانيا فرص العمل في ألمانيا( 12) - Kommentar 3/10 (Fassung 3)
Navigating to https://www.facebook.com/groups/460113895124111 to fetch posts...
Error parsing article: Locator.get_attribute: Timeout 30000ms exceeded.
Call log:
  - waiting for locator("div").nth(4).locator("a").nth(8)

Found 6 post(s) in 5 round(s); articles last seen: 11.
  kein Anlass: kein passender Beitrag (kein Bezug zum Angebot (sonstiges))
  برلين ألمانيا فرص العمل في ألمانيا( 12): in diesem Lauf uebersprungen
ســفارة الجمهوريـة العربيـة السوريـة-برليــن - Kommentar 1/10 (Fassung 1)
Navigating to https://www.facebook.com/groups/998502627289006 to fetch posts...
Error parsing article: Locator.get_attribute: Timeout 30000ms exceeded.
Call log:
  - waiting for locator("div").nth(13).locator(", , , , , ").first

Found 8 post(s) in 5 round(s); articles last seen: 17.
  kein Anlass: kein passender Beitrag (kein Bezug zum Angebot (behoerde), kein 
Bezug zum Angebot (job))
  ســفارة الجمهوريـة العربيـة السوريـة-برليــن: in diesem Lauf uebersprungen
سوريون مقيمين في برلين - Kommentar 1/10 (Fassung 1)
Navigating to https://www.facebook.com/groups/1060505847347081 to fetch posts...
Error parsing article: Locator.get_attribute: Timeout 30000ms exceeded.
Call log:
  - waiting for locator("div").nth(5).locator("a").first

Found 5 post(s) in 5 round(s); articles last seen: 11.
  kein Anlass: kein passender Beitrag (kein Bezug zum Angebot (sonstiges), kein 
Bezug zum Angebot (wohnung))
  سوريون مقيمين في برلين: in diesem Lauf uebersprungen
عرب برلين Arab Berlin - Kommentar 1/10 (Fassung 1)
Navigating to https://www.facebook.com/groups/araberlin to fetch posts...
Found 6 post(s) in 5 round(s); articles last seen: 10.
  kein Anlass: kein passender Beitrag (kein Bezug zum Angebot (dienstleistung), 
kein Bezug zum Angebot (empfehlung))
  عرب برلين Arab Berlin: in diesem Lauf uebersprungen
السوريين في برلين - Kommentar 1/10 (Fassung 1)
Navigating to https://www.facebook.com/groups/888294561239687 to fetch posts...
Found 8 post(s) in 5 round(s); articles last seen: 11.
  [Versuch 1/3] direct_app_recommendation: versand/fragt/gegenstand (شحن), Bezug
belegt
  Vorlage ar/anlaesse/gegenstand/sagheer (tracking_link)
Navigating to post 
https://www.facebook.com/groups/888294561239687/posts/28208909645418143/...
Looking for the comment box...
Kommentarfeld gefunden (beschriftet).
Typing comment (pasting/inserting directly)...
Submitting comment (pressing Enter)...
Comment submitted successfully!
  veroeffentlicht
Takt: noch 12 Min
السوريين في برلين - Kommentar 2/10 (Fassung 2)
Navigating to https://www.facebook.com/groups/888294561239687 to fetch posts...
Error parsing article: Locator.get_attribute: Timeout 30000ms exceeded.
Call log:
  - waiting for locator("div").first.locator("a").nth(2)

Found 6 post(s) in 5 round(s); articles last seen: 10.
  kein Anlass: kein passender Beitrag (kein Bezug zum Angebot (sonstiges), kein 
Bezug zum Angebot (wohnung))
  السوريين في برلين: in diesem Lauf uebersprungen
السوريين في برلين Syrer in Berlin - Kommentar 2/10 (Fassung 2)
Navigating to https://www.facebook.com/groups/828811960577355 to fetch posts...
Found 8 post(s) in 5 round(s); articles last seen: 20.
  kein Anlass: kein passender Beitrag (kein Bezug zum Angebot (behoerde), kein 
Bezug zum Angebot (empfehlung))
  السوريين في برلين Syrer in Berlin: in diesem Lauf uebersprungen
السوريين في برلين Syrians in Berlin - Kommentar 2/10 (Fassung 2)
Navigating to https://www.facebook.com/groups/668139805288848 to fetch posts...
Found 7 post(s) in 5 round(s); articles last seen: 11.
  kein Anlass: kein passender Beitrag (kein Bezug zum Angebot (dienstleistung), 
kein Bezug zum Angebot (kauf_verkauf))
  السوريين في برلين Syrians in Berlin: in diesem Lauf uebersprungen
سورين في برلين Syrer in berlin - Kommentar 2/10 (Fassung 2)
Navigating to https://www.facebook.com/groups/1763513853863066 to fetch posts...
Found 5 post(s) in 5 round(s); articles last seen: 10.
  kein Anlass: kein passender Beitrag (kein Bezug zum Angebot (kauf_verkauf), 
kein Bezug zum Angebot (sonstiges))
  سورين في برلين Syrer in berlin: in diesem Lauf uebersprungen
سوريين في المانيا 🇩🇪 برلين بوتسدام ⭐ Syrians in Potsdam - Kommentar 4/10 
(Fassung 4)
Navigating to https://www.facebook.com/groups/1033281186737137 to fetch posts...
Found 9 post(s) in 5 round(s); articles last seen: 11.
  kein Anlass: kein passender Beitrag (kein Bezug zum Angebot (kauf_verkauf), 
kein Bezug zum Angebot (sonstiges))
  سوريين في المانيا 🇩🇪 برلين بوتسدام ⭐ Syrians in Potsdam: in diesem Lauf 
uebersprungen
سوريين في برلين المانيا Syrer in Berlin 🇸🇾🇩🇪 - Kommentar 1/10 (Fassung 1)
Navigating to https://www.facebook.com/groups/860952507320595 to fetch posts...
Keine Artikel im Aufbau gefunden - es wird trotzdem gesucht.
Found 0 post(s) in 5 round(s); articles last seen: 0.
  fehlgeschlagen: keine Beitraege zum Kommentieren gefunden
  سوريين في برلين المانيا Syrer in Berlin 🇸🇾🇩🇪: in diesem Lauf uebersprungen
Takt: noch 8 Min
شارع العرب في برلين - Kommentar 1/10 (Fassung 1)
Navigating to https://www.facebook.com/groups/266728025104178 to fetch posts...
Found 8 post(s) in 5 round(s); articles last seen: 9.
  [Versuch 1/3] direct_app_recommendation: versand/sucht/gegenstand (ارسال, 
إرسال), Bezug belegt
  Vorlage ar/anlaesse/gegenstand/sagheer (tracking_link)
Navigating to post 
https://www.facebook.com/groups/266728025104178/posts/1650557696721197/...
Looking for the comment box...
Kommentarfeld gefunden (letztes Feld).
Typing comment (pasting/inserting directly)...
Submitting comment (pressing Enter)...
Comment submitted successfully!
  veroeffentlicht
Takt: noch 12 Min
شارع العرب في برلين - Kommentar 2/10 (Fassung 2)
Navigating to https://www.facebook.com/groups/266728025104178 to fetch posts...
Found 8 post(s) in 5 round(s); articles last seen: 12.
  kein Anlass: kein passender Beitrag (kein Bezug zum Angebot (behoerde), kein 
Bezug zum Angebot (dienstleistung))
  شارع العرب في برلين: in diesem Lauf uebersprungen
عرب برلين المانيا بوتسدام - Kommentar 2/10 (Fassung 2)
Navigating to https://www.facebook.com/groups/1624197331206590 to fetch posts...
Found 7 post(s) in 5 round(s); articles last seen: 9.
  kein Anlass: kein passender Beitrag (kein Bezug zum Angebot (kauf_verkauf), 
kein Bezug zum Angebot (sonstiges))
  عرب برلين المانيا بوتسدام: in diesem Lauf uebersprungen
╭───────────────────────────────── Automatik ──────────────────────────────────╮
│ Automatik NICHT vollstaendig abgeschlossen                                   │
│                                                                              │
│ Kampagnen:  0 / 1                                                            │
│ Gruppen:    1 / 17                                                           │
│ Beitraege:  3 / 17                                                           │
│ Kommentare: 15 / 170                                                         │
│                                                                              │
│ Heute nicht mehr moeglich:                                                   │
│   post: abgeschaltet (pro_tag 0)                                             │
│                                                                              │
│ 16 Gruppe(n) nach einem Fehlschlag beiseitegelegt. Der Lauf ist deswegen     │
│ nicht abgebrochen; der naechste faengt mit ihnen wieder an.                  │
╰──────────────────────────────────────────────────────────────────────────────╯
[2026-09-23 11:25:52] Lauf beendet (Exit 1, 3302s) - Kommentare: 13 -> 15 (+2)
[2026-09-23 11:30:52] Stunde um - frische Liste mit --neu
Neuer Lauf 10
Batreeq Syrian Germany - Neubewertung
  17 Gruppen bewertet, 0 mit geaendertem Score
Araber in Berlin Gruppe | العرب في برلين - Kommentar 2/10 (Fassung 2)
Navigating to https://www.facebook.com/groups/arabinberlin to fetch posts...
Found 10 post(s) in 5 round(s); articles last seen: 15.
  [Versuch 1/3] direct_app_recommendation: versand/fragt/gegenstand (بعت), Bezug
belegt
  Vorlage ar/anlaesse/gegenstand/sagheer (tracking_link)
Navigating to post 
https://www.facebook.com/groups/arabinberlin/posts/1682350506750656/...
Looking for the comment box...
Could not find the comment box. Are comments allowed on this post? (Textfelder: 
0)
  [Ergebnis] technisch fehlgeschlagen: Kommentarfeld nicht gefunden [Aktion] 
naechster Beitrag
  fehlgeschlagen: Kommentarfeld nicht gefunden (1 Beitraege versucht)
  Araber in Berlin Gruppe | العرب في برلين: in diesem Lauf uebersprungen
Takt: noch 7 Min
Arabische Studierende in Berlin-الطلاب العرب في برلين - Kommentar 2/10 (Fassung 
2)
Navigating to https://www.facebook.com/groups/arab.in.deutschland to fetch 
posts...
Error parsing article: Locator.get_attribute: Timeout 30000ms exceeded.
Call log:
  - waiting for locator("div").first.locator("a").nth(5)

Found 6 post(s) in 5 round(s); articles last seen: 12.
  kein Anlass: kein passender Beitrag (kein Bezug zum Angebot (sonstiges))
  Arabische Studierende in Berlin-الطلاب العرب في برلين: in diesem Lauf 
uebersprungen
سوريين في برلين/إستشارات/ فرص عمل / بيوت للإيجار - Kommentar 3/10 (Fassung 3)
Navigating to https://www.facebook.com/groups/1477938102509363 to fetch posts...
Found 8 post(s) in 5 round(s); articles last seen: 15.
  kein Anlass: kein passender Beitrag (kein Bezug zum Angebot (job), kein Bezug 
zum Angebot (kauf_verkauf))
  سوريين في برلين/إستشارات/ فرص عمل / بيوت للإيجار: in diesem Lauf uebersprungen
سوق العرب في برلين Arabischer Flohmarkt in Berlin - Kommentar 1/10 (Fassung 1)
Navigating to https://www.facebook.com/groups/266394850499868 to fetch posts...
Error parsing article: Locator.get_attribute: Timeout 30000ms exceeded.
Call log:
  - waiting for locator("div").first.locator("a").nth(3)

Found 6 post(s) in 5 round(s); articles last seen: 11.
  kein Anlass: kein passender Beitrag (kein Bezug zum Angebot (reise), kein 
Bezug zum Angebot (sonstiges))
  سوق العرب في برلين Arabischer Flohmarkt in Berlin: in diesem Lauf 
uebersprungen
برلين ألمانيا فرص العمل في ألمانيا( 12) - Kommentar 3/10 (Fassung 3)
Navigating to https://www.facebook.com/groups/460113895124111 to fetch posts...
Found 7 post(s) in 5 round(s); articles last seen: 13.
  kein Anlass: kein passender Beitrag (kein Bezug zum Angebot (sonstiges))
  برلين ألمانيا فرص العمل في ألمانيا( 12): in diesem Lauf uebersprungen
ســفارة الجمهوريـة العربيـة السوريـة-برليــن - Kommentar 1/10 (Fassung 1)
Navigating to https://www.facebook.com/groups/998502627289006 to fetch posts...
Found 8 post(s) in 5 round(s); articles last seen: 16.
  kein Anlass: kein passender Beitrag (kein Bezug zum Angebot (behoerde), kein 
Bezug zum Angebot (job))
  ســفارة الجمهوريـة العربيـة السوريـة-برليــن: in diesem Lauf uebersprungen
سوريون مقيمين في برلين - Kommentar 1/10 (Fassung 1)
Navigating to https://www.facebook.com/groups/1060505847347081 to fetch posts...
Error parsing article: Locator.get_attribute: Timeout 30000ms exceeded.
Call log:
  - waiting for locator("div").nth(1).locator("a").nth(3)

Found 6 post(s) in 5 round(s); articles last seen: 10.
  kein Anlass: kein passender Beitrag (kein Bezug zum Angebot (job), kein Bezug 
zum Angebot (sonstiges))
  سوريون مقيمين في برلين: in diesem Lauf uebersprungen
عرب برلين Arab Berlin - Kommentar 1/10 (Fassung 1)
Navigating to https://www.facebook.com/groups/araberlin to fetch posts...
Error parsing article: Locator.get_attribute: Timeout 30000ms exceeded.
Call log:
  - waiting for locator("div").nth(1).locator("a").nth(2)

Found 5 post(s) in 5 round(s); articles last seen: 11.
  kein Anlass: kein passender Beitrag (kein Bezug zum Angebot (dienstleistung), 
kein Bezug zum Angebot (empfehlung))
  عرب برلين Arab Berlin: in diesem Lauf uebersprungen
السوريين في برلين - Kommentar 2/10 (Fassung 2)
Navigating to https://www.facebook.com/groups/888294561239687 to fetch posts...
Error parsing article: Locator.get_attribute: Timeout 30000ms exceeded.
Call log:
  - waiting for locator("div").first.locator("a").nth(4)

Error parsing article: Locator.get_attribute: Timeout 30000ms exceeded.
Call log:
  - waiting for locator("div").nth(2).locator("a").nth(9)

Found 8 post(s) in 5 round(s); articles last seen: 11.
  [Versuch 1/3] direct_app_recommendation: reise/fragt (reise, reisen, سفر, 
طيران), Bezug belegt
Navigating to post 
https://www.facebook.com/groups/888294561239687/posts/28209486292027145/...
Looking for the comment box...
Kommentarfeld gefunden (beschriftet).
Typing comment (pasting/inserting directly)...
Submitting comment (pressing Enter)...
Comment submitted successfully!
  veroeffentlicht
Takt: noch 8 Min
السوريين في برلين - Kommentar 3/10 (Fassung 3)
Navigating to https://www.facebook.com/groups/888294561239687 to fetch posts...
Error parsing article: Locator.get_attribute: Timeout 30000ms exceeded.
Call log:
  - waiting for locator("div").first.locator("a").nth(3)

Found 6 post(s) in 5 round(s); articles last seen: 11.
  kein Anlass: kein passender Beitrag (kein Bezug zum Angebot (kauf_verkauf), 
kein Bezug zum Angebot (sonstiges))
  السوريين في برلين: in diesem Lauf uebersprungen
السوريين في برلين Syrer in Berlin - Kommentar 2/10 (Fassung 2)
Navigating to https://www.facebook.com/groups/828811960577355 to fetch posts...
  fehlgeschlagen: Page.goto: net::ERR_NAME_NOT_RESOLVED at 
https://www.facebook.com/groups/828811960577355
Takt: noch 8 Min
السوريين في برلين Syrer in Berlin - Kommentar 2/10 (Fassung 2)
Navigating to https://www.facebook.com/groups/828811960577355 to fetch posts...
Found 8 post(s) in 5 round(s); articles last seen: 18.
  kein Anlass: kein passender Beitrag (kein Bezug zum Angebot (behoerde), kein 
Bezug zum Angebot (empfehlung))
  السوريين في برلين Syrer in Berlin: in diesem Lauf uebersprungen
السوريين في برلين Syrians in Berlin - Kommentar 2/10 (Fassung 2)
Navigating to https://www.facebook.com/groups/668139805288848 to fetch posts...
Found 8 post(s) in 5 round(s); articles last seen: 15.
  kein Anlass: kein passender Beitrag (kein Bezug zum Angebot (dienstleistung), 
kein Bezug zum Angebot (kauf_verkauf))
  السوريين في برلين Syrians in Berlin: in diesem Lauf uebersprungen
سورين في برلين Syrer in berlin - Kommentar 2/10 (Fassung 2)
Navigating to https://www.facebook.com/groups/1763513853863066 to fetch posts...
Found 4 post(s) in 5 round(s); articles last seen: 7.
  kein Anlass: kein passender Beitrag (kein Bezug zum Angebot (kauf_verkauf), 
kein Bezug zum Angebot (sonstiges))
  سورين في برلين Syrer in berlin: in diesem Lauf uebersprungen
سوريين في المانيا 🇩🇪 برلين بوتسدام ⭐ Syrians in Potsdam - Kommentar 4/10 
(Fassung 4)
Navigating to https://www.facebook.com/groups/1033281186737137 to fetch posts...
Found 7 post(s) in 5 round(s); articles last seen: 11.
  kein Anlass: kein passender Beitrag (kein Bezug zum Angebot (kauf_verkauf), 
kein Bezug zum Angebot (sonstiges))
  سوريين في المانيا 🇩🇪 برلين بوتسدام ⭐ Syrians in Potsdam: in diesem Lauf 
uebersprungen
سوريين في برلين المانيا Syrer in Berlin 🇸🇾🇩🇪 - Kommentar 1/10 (Fassung 1)
Navigating to https://www.facebook.com/groups/860952507320595 to fetch posts...
Keine Artikel im Aufbau gefunden - es wird trotzdem gesucht.
Found 0 post(s) in 5 round(s); articles last seen: 0.
  fehlgeschlagen: keine Beitraege zum Kommentieren gefunden
  سوريين في برلين المانيا Syrer in Berlin 🇸🇾🇩🇪: in diesem Lauf uebersprungen
Takt: noch 9 Min
شارع العرب في برلين - Kommentar 2/10 (Fassung 2)
Navigating to https://www.facebook.com/groups/266728025104178 to fetch posts...
Found 8 post(s) in 5 round(s); articles last seen: 14.
  kein Anlass: kein passender Beitrag (kein Bezug zum Angebot (behoerde), kein 
Bezug zum Angebot (dienstleistung))
  شارع العرب في برلين: in diesem Lauf uebersprungen
عرب برلين المانيا بوتسدام - Kommentar 2/10 (Fassung 2)
Navigating to https://www.facebook.com/groups/1624197331206590 to fetch posts...
Found 7 post(s) in 5 round(s); articles last seen: 9.
  kein Anlass: kein passender Beitrag (kein Bezug zum Angebot (kauf_verkauf), 
kein Bezug zum Angebot (sonstiges))
  عرب برلين المانيا بوتسدام: in diesem Lauf uebersprungen
╭───────────────────────────────── Automatik ──────────────────────────────────╮
│ Automatik NICHT vollstaendig abgeschlossen                                   │
│                                                                              │
│ Kampagnen:  0 / 1                                                            │
│ Gruppen:    1 / 17                                                           │
│ Beitraege:  3 / 17                                                           │
│ Kommentare: 16 / 170                                                         │
│                                                                              │
│ Heute nicht mehr moeglich:                                                   │
│   post: abgeschaltet (pro_tag 0)                                             │
│                                                                              │
│ 16 Gruppe(n) nach einem Fehlschlag beiseitegelegt. Der Lauf ist deswegen     │
│ nicht abgebrochen; der naechste faengt mit ihnen wieder an.                  │
╰──────────────────────────────────────────────────────────────────────────────╯
[2026-09-23 12:16:16] Lauf beendet (Exit 1, 2724s) - Kommentare: 15 -> 16 (+1)
[2026-09-23 12:21:16] kein Lauf - wird fortgesetzt (--neu in 9 Min)
Lauf 10 wird fortgesetzt
╭───────────────────────────────── Automatik ──────────────────────────────────╮
│ Automatik NICHT vollstaendig abgeschlossen                                   │
│                                                                              │
│ Kampagnen:  0 / 1                                                            │
│ Gruppen:    1 / 17                                                           │
│ Beitraege:  3 / 17                                                           │
│ Kommentare: 16 / 170                                                         │
│                                                                              │
│ Heute nicht mehr moeglich:                                                   │
│   post: abgeschaltet (pro_tag 0)                                             │
│                                                                              │
│ 16 Gruppe(n) nach einem Fehlschlag beiseitegelegt. Der Lauf ist deswegen     │
│ nicht abgebrochen; der naechste faengt mit ihnen wieder an.                  │
╰──────────────────────────────────────────────────────────────────────────────╯
[2026-09-23 12:21:19] Lauf beendet (Exit 1, 3s) - Kommentare: 16 -> 16 (+0)
[2026-09-23 12:21:19]   -> Runde erschoepft, bis zum naechsten --neu wird nicht mehr gestartet
[2026-09-23 12:26:19] Runde durch - warte auf --neu (in 4 Min)
[2026-09-23 12:31:19] Stunde um - frische Liste mit --neu
Neuer Lauf 11
Batreeq Syrian Germany - Neubewertung
  17 Gruppen bewertet, 0 mit geaendertem Score
Araber in Berlin Gruppe | العرب في برلين - Kommentar 2/10 (Fassung 2)
Navigating to https://www.facebook.com/groups/arabinberlin to fetch posts...
Found 9 post(s) in 5 round(s); articles last seen: 15.
  [Versuch 1/3] direct_app_recommendation: versand/fragt/gegenstand (بعت), Bezug
belegt
  Vorlage ar/anlaesse/gegenstand/sagheer (tracking_link)
Navigating to post 
https://www.facebook.com/groups/arabinberlin/posts/1682350506750656/...
Looking for the comment box...
Could not find the comment box. Are comments allowed on this post? (Textfelder: 
0)
  [Ergebnis] technisch fehlgeschlagen: Kommentarfeld nicht gefunden [Aktion] 
naechster Beitrag
  fehlgeschlagen: Kommentarfeld nicht gefunden (1 Beitraege versucht)
  Araber in Berlin Gruppe | العرب في برلين: in diesem Lauf uebersprungen
Takt: noch 7 Min
Arabische Studierende in Berlin-الطلاب العرب في برلين - Kommentar 2/10 (Fassung 
2)
Navigating to https://www.facebook.com/groups/arab.in.deutschland to fetch 
posts...
Error parsing article: Locator.get_attribute: Timeout 30000ms exceeded.
Call log:
  - waiting for locator("div").nth(1).locator("a").nth(1)

Found 7 post(s) in 5 round(s); articles last seen: 9.
  kein Anlass: kein passender Beitrag (kein Bezug zum Angebot (sonstiges))
  Arabische Studierende in Berlin-الطلاب العرب في برلين: in diesem Lauf 
uebersprungen
سوريين في برلين/إستشارات/ فرص عمل / بيوت للإيجار - Kommentar 3/10 (Fassung 3)
Navigating to https://www.facebook.com/groups/1477938102509363 to fetch posts...
Found 8 post(s) in 5 round(s); articles last seen: 22.
  kein Anlass: kein passender Beitrag (kein Bezug zum Angebot (job), kein Bezug 
zum Angebot (kauf_verkauf))
  سوريين في برلين/إستشارات/ فرص عمل / بيوت للإيجار: in diesem Lauf uebersprungen
سوق العرب في برلين Arabischer Flohmarkt in Berlin - Kommentar 1/10 (Fassung 1)
Navigating to https://www.facebook.com/groups/266394850499868 to fetch posts...
Error parsing article: Locator.get_attribute: Timeout 30000ms exceeded.
Call log:
  - waiting for locator("div").first.locator("a").nth(5)

Found 6 post(s) in 5 round(s); articles last seen: 11.
  kein Anlass: kein passender Beitrag (kein Bezug zum Angebot (reise), kein 
Bezug zum Angebot (sonstiges))
  سوق العرب في برلين Arabischer Flohmarkt in Berlin: in diesem Lauf 
uebersprungen
برلين ألمانيا فرص العمل في ألمانيا( 12) - Kommentar 3/10 (Fassung 3)
Navigating to https://www.facebook.com/groups/460113895124111 to fetch posts...
Found 7 post(s) in 5 round(s); articles last seen: 11.
  kein Anlass: kein passender Beitrag (kein Bezug zum Angebot (sonstiges))
  برلين ألمانيا فرص العمل في ألمانيا( 12): in diesem Lauf uebersprungen
ســفارة الجمهوريـة العربيـة السوريـة-برليــن - Kommentar 1/10 (Fassung 1)
Navigating to https://www.facebook.com/groups/998502627289006 to fetch posts...
Found 7 post(s) in 5 round(s); articles last seen: 10.
  kein Anlass: kein passender Beitrag (kein Bezug zum Angebot (behoerde), kein 
Bezug zum Angebot (reise))
  ســفارة الجمهوريـة العربيـة السوريـة-برليــن: in diesem Lauf uebersprungen
سوريون مقيمين في برلين - Kommentar 1/10 (Fassung 1)
Navigating to https://www.facebook.com/groups/1060505847347081 to fetch posts...
Found 6 post(s) in 5 round(s); articles last seen: 11.
  kein Anlass: kein passender Beitrag (kein Bezug zum Angebot (job), kein Bezug 
zum Angebot (sonstiges))
  سوريون مقيمين في برلين: in diesem Lauf uebersprungen
عرب برلين Arab Berlin - Kommentar 1/10 (Fassung 1)
Navigating to https://www.facebook.com/groups/araberlin to fetch posts...
Error parsing article: Locator.get_attribute: Timeout 30000ms exceeded.
Call log:
  - waiting for locator("div").nth(7).locator("a").nth(2)

Found 6 post(s) in 5 round(s); articles last seen: 13.
  kein Anlass: kein passender Beitrag (kein Bezug zum Angebot (dienstleistung), 
kein Bezug zum Angebot (empfehlung))
  عرب برلين Arab Berlin: in diesem Lauf uebersprungen
السوريين في برلين - Kommentar 3/10 (Fassung 3)
Navigating to https://www.facebook.com/groups/888294561239687 to fetch posts...
Error parsing article: Locator.get_attribute: Timeout 30000ms exceeded.
Call log:
  - waiting for locator("div").first.locator("a").nth(4)

Found 5 post(s) in 5 round(s); articles last seen: 10.
  [Versuch 1/3] private_contact_suggestion: reise/fragt (سفر)
  kein Anlass: kein vorbereiteter Text fuer keiner
  السوريين في برلين: in diesem Lauf uebersprungen
السوريين في برلين Syrer in Berlin - Kommentar 2/10 (Fassung 2)
Navigating to https://www.facebook.com/groups/828811960577355 to fetch posts...
Found 8 post(s) in 5 round(s); articles last seen: 18.
  kein Anlass: kein passender Beitrag (kein Bezug zum Angebot (behoerde), kein 
Bezug zum Angebot (dienstleistung))
  السوريين في برلين Syrer in Berlin: in diesem Lauf uebersprungen
السوريين في برلين Syrians in Berlin - Kommentar 2/10 (Fassung 2)
Navigating to https://www.facebook.com/groups/668139805288848 to fetch posts...
Found 5 post(s) in 5 round(s); articles last seen: 11.
  kein Anlass: kein passender Beitrag (kein Bezug zum Angebot (dienstleistung), 
kein Bezug zum Angebot (kauf_verkauf))
  السوريين في برلين Syrians in Berlin: in diesem Lauf uebersprungen
سورين في برلين Syrer in berlin - Kommentar 2/10 (Fassung 2)
Navigating to https://www.facebook.com/groups/1763513853863066 to fetch posts...
Found 5 post(s) in 5 round(s); articles last seen: 10.
  kein Anlass: kein passender Beitrag (kein Bezug zum Angebot (kauf_verkauf), 
kein Bezug zum Angebot (sonstiges))
  سورين في برلين Syrer in berlin: in diesem Lauf uebersprungen
سوريين في المانيا 🇩🇪 برلين بوتسدام ⭐ Syrians in Potsdam - Kommentar 4/10 
(Fassung 4)
Navigating to https://www.facebook.com/groups/1033281186737137 to fetch posts...
Found 10 post(s) in 5 round(s); articles last seen: 12.
  [Versuch 1/3] private_contact_suggestion: reise/fragt (تذكرة)
  kein Anlass: kein vorbereiteter Text fuer keiner
  سوريين في المانيا 🇩🇪 برلين بوتسدام ⭐ Syrians in Potsdam: in diesem Lauf 
uebersprungen
سوريين في برلين المانيا Syrer in Berlin 🇸🇾🇩🇪 - Kommentar 1/10 (Fassung 1)
Navigating to https://www.facebook.com/groups/860952507320595 to fetch posts...
Keine Artikel im Aufbau gefunden - es wird trotzdem gesucht.
Found 0 post(s) in 5 round(s); articles last seen: 0.
  fehlgeschlagen: keine Beitraege zum Kommentieren gefunden
  سوريين في برلين المانيا Syrer in Berlin 🇸🇾🇩🇪: in diesem Lauf uebersprungen
Takt: noch 9 Min
شارع العرب في برلين - Kommentar 2/10 (Fassung 2)
Navigating to https://www.facebook.com/groups/266728025104178 to fetch posts...
  fehlgeschlagen: Page.goto: net::ERR_NAME_NOT_RESOLVED at 
https://www.facebook.com/groups/266728025104178
Takt: noch 12 Min
شارع العرب في برلين - Kommentar 2/10 (Fassung 2)
Navigating to https://www.facebook.com/groups/266728025104178 to fetch posts...
Found 8 post(s) in 5 round(s); articles last seen: 13.
  kein Anlass: kein passender Beitrag (kein Bezug zum Angebot (behoerde), kein 
Bezug zum Angebot (dienstleistung))
  شارع العرب في برلين: in diesem Lauf uebersprungen
عرب برلين المانيا بوتسدام - Kommentar 2/10 (Fassung 2)
Navigating to https://www.facebook.com/groups/1624197331206590 to fetch posts...
Found 5 post(s) in 5 round(s); articles last seen: 9.
  kein Anlass: kein passender Beitrag (kein Bezug zum Angebot (kauf_verkauf), 
kein Bezug zum Angebot (sonstiges))
  عرب برلين المانيا بوتسدام: in diesem Lauf uebersprungen
╭───────────────────────────────── Automatik ──────────────────────────────────╮
│ Automatik NICHT vollstaendig abgeschlossen                                   │
│                                                                              │
│ Kampagnen:  0 / 1                                                            │
│ Gruppen:    1 / 17                                                           │
│ Beitraege:  3 / 17                                                           │
│ Kommentare: 16 / 170                                                         │
│                                                                              │
│ Heute nicht mehr moeglich:                                                   │
│   post: abgeschaltet (pro_tag 0)                                             │
│                                                                              │
│ 16 Gruppe(n) nach einem Fehlschlag beiseitegelegt. Der Lauf ist deswegen     │
│ nicht abgebrochen; der naechste faengt mit ihnen wieder an.                  │
╰──────────────────────────────────────────────────────────────────────────────╯
[2026-09-23 13:09:25] Lauf beendet (Exit 1, 2286s) - Kommentare: 16 -> 16 (+0)
[2026-09-23 13:14:25] kein Lauf - wird fortgesetzt (--neu in 16 Min)
Lauf 11 wird fortgesetzt
╭───────────────────────────────── Automatik ──────────────────────────────────╮
│ Automatik NICHT vollstaendig abgeschlossen                                   │
│                                                                              │
│ Kampagnen:  0 / 1                                                            │
│ Gruppen:    1 / 17                                                           │
│ Beitraege:  3 / 17                                                           │
│ Kommentare: 16 / 170                                                         │
│                                                                              │
│ Heute nicht mehr moeglich:                                                   │
│   post: abgeschaltet (pro_tag 0)                                             │
│                                                                              │
│ 16 Gruppe(n) nach einem Fehlschlag beiseitegelegt. Der Lauf ist deswegen     │
│ nicht abgebrochen; der naechste faengt mit ihnen wieder an.                  │
╰──────────────────────────────────────────────────────────────────────────────╯
[2026-09-23 13:14:28] Lauf beendet (Exit 1, 3s) - Kommentare: 16 -> 16 (+0)
[2026-09-23 13:14:28]   -> Runde erschoepft, bis zum naechsten --neu wird nicht mehr gestartet
[2026-09-23 13:19:34] Runde durch - warte auf --neu (in 11 Min)
[2026-09-23 13:24:34] Runde durch - warte auf --neu (in 6 Min)
[2026-09-23 13:29:34] Runde durch - warte auf --neu (in 1 Min)
[2026-09-23 13:34:34] Stunde um - frische Liste mit --neu
Neuer Lauf 12
Batreeq Syrian Germany - Neubewertung
  17 Gruppen bewertet, 0 mit geaendertem Score
Araber in Berlin Gruppe | العرب في برلين - Kommentar 2/10 (Fassung 2)
Navigating to https://www.facebook.com/groups/arabinberlin to fetch posts...
Found 10 post(s) in 5 round(s); articles last seen: 15.
  [Versuch 1/3] direct_app_recommendation: versand/sucht/gegenstand (بعت, يبعت),
Bezug belegt
  Vorlage ar/anlaesse/gegenstand/sagheer (tracking_link)
Navigating to post 
https://www.facebook.com/groups/arabinberlin/posts/1683695803282793/...
Looking for the comment box...
Kommentarfeld gefunden (beschriftet).
Typing comment (pasting/inserting directly)...
Submitting comment (pressing Enter)...
Comment submitted successfully!
  veroeffentlicht
Takt: noch 7 Min
Araber in Berlin Gruppe | العرب في برلين - Kommentar 3/10 (Fassung 3)
Navigating to https://www.facebook.com/groups/arabinberlin to fetch posts...
Found 10 post(s) in 5 round(s); articles last seen: 17.
  [Versuch 1/3] direct_app_recommendation: versand/fragt/gegenstand (بعت), Bezug
belegt
  Vorlage ar/anlaesse/gegenstand/unshur (tracking_link)
Navigating to post 
https://www.facebook.com/groups/arabinberlin/posts/1682350506750656/...
Looking for the comment box...
Could not find the comment box. Are comments allowed on this post? (Textfelder: 
0)
  [Ergebnis] technisch fehlgeschlagen: Kommentarfeld nicht gefunden [Aktion] 
naechster Beitrag
  fehlgeschlagen: Kommentarfeld nicht gefunden (1 Beitraege versucht)
  Araber in Berlin Gruppe | العرب في برلين: in diesem Lauf uebersprungen
Takt: noch 11 Min
Arabische Studierende in Berlin-الطلاب العرب في برلين - Kommentar 2/10 (Fassung 
2)
Navigating to https://www.facebook.com/groups/arab.in.deutschland to fetch 
posts...
Found 7 post(s) in 5 round(s); articles last seen: 9.
  kein Anlass: kein passender Beitrag (kein Bezug zum Angebot (sonstiges))
  Arabische Studierende in Berlin-الطلاب العرب في برلين: in diesem Lauf 
uebersprungen
سوريين في برلين/إستشارات/ فرص عمل / بيوت للإيجار - Kommentar 3/10 (Fassung 3)
Navigating to https://www.facebook.com/groups/1477938102509363 to fetch posts...
Found 5 post(s) in 5 round(s); articles last seen: 13.
  kein Anlass: kein passender Beitrag (kein Bezug zum Angebot (sonstiges), kein 
Bezug zum Angebot (wohnung))
  سوريين في برلين/إستشارات/ فرص عمل / بيوت للإيجار: in diesem Lauf uebersprungen
سوق العرب في برلين Arabischer Flohmarkt in Berlin - Kommentar 1/10 (Fassung 1)
Navigating to https://www.facebook.com/groups/266394850499868 to fetch posts...
  fehlgeschlagen: Page.goto: net::ERR_NAME_NOT_RESOLVED at 
https://www.facebook.com/groups/266394850499868
Takt: noch 6 Min
سوق العرب في برلين Arabischer Flohmarkt in Berlin - Kommentar 1/10 (Fassung 1)
Navigating to https://www.facebook.com/groups/266394850499868 to fetch posts...
Error parsing article: Locator.get_attribute: Timeout 30000ms exceeded.
Call log:
  - waiting for locator("div").first.locator("a").nth(4)

Found 6 post(s) in 5 round(s); articles last seen: 11.
  kein Anlass: kein passender Beitrag (kein Bezug zum Angebot (reise), kein 
Bezug zum Angebot (sonstiges))
  سوق العرب في برلين Arabischer Flohmarkt in Berlin: in diesem Lauf 
uebersprungen
برلين ألمانيا فرص العمل في ألمانيا( 12) - Kommentar 3/10 (Fassung 3)
Navigating to https://www.facebook.com/groups/460113895124111 to fetch posts...
Found 6 post(s) in 5 round(s); articles last seen: 8.
  kein Anlass: kein passender Beitrag (kein Bezug zum Angebot (sonstiges))
  برلين ألمانيا فرص العمل في ألمانيا( 12): in diesem Lauf uebersprungen
ســفارة الجمهوريـة العربيـة السوريـة-برليــن - Kommentar 1/10 (Fassung 1)
Navigating to https://www.facebook.com/groups/998502627289006 to fetch posts...
Found 7 post(s) in 5 round(s); articles last seen: 10.
  kein Anlass: kein passender Beitrag (kein Bezug zum Angebot (behoerde), kein 
Bezug zum Angebot (reise))
  ســفارة الجمهوريـة العربيـة السوريـة-برليــن: in diesem Lauf uebersprungen
سوريون مقيمين في برلين - Kommentar 1/10 (Fassung 1)
Navigating to https://www.facebook.com/groups/1060505847347081 to fetch posts...
Error parsing article: Locator.get_attribute: Timeout 30000ms exceeded.
Call log:
  - waiting for locator("div").nth(1).locator("a").nth(3)

Found 5 post(s) in 5 round(s); articles last seen: 11.
  kein Anlass: kein passender Beitrag (kein Bezug zum Angebot (kauf_verkauf), 
kein Bezug zum Angebot (sonstiges))
  سوريون مقيمين في برلين: in diesem Lauf uebersprungen
عرب برلين Arab Berlin - Kommentar 1/10 (Fassung 1)
Navigating to https://www.facebook.com/groups/araberlin to fetch posts...
Error parsing article: Locator.get_attribute: Timeout 30000ms exceeded.
Call log:
  - waiting for locator("div").first.locator("a").first

Found 6 post(s) in 5 round(s); articles last seen: 13.
  kein Anlass: kein passender Beitrag (kein Bezug zum Angebot (dienstleistung), 
kein Bezug zum Angebot (empfehlung))
  عرب برلين Arab Berlin: in diesem Lauf uebersprungen
السوريين في برلين - Kommentar 3/10 (Fassung 3)
Navigating to https://www.facebook.com/groups/888294561239687 to fetch posts...
Found 7 post(s) in 5 round(s); articles last seen: 9.
  [Versuch 1/3] direct_app_recommendation: versand/bietet/bietet_mitnahme (بعت, 
بعتلي), Bezug belegt
  Vorlage ar/anlaesse/bietet_mitnahme/talabat (tracking_link)
Navigating to post 
https://www.facebook.com/groups/888294561239687/posts/28210810128561428/...
Looking for the comment box...
Kommentarfeld gefunden (beschriftet).
Typing comment (pasting/inserting directly)...
Submitting comment (pressing Enter)...
Comment submitted successfully!
  veroeffentlicht
Takt: noch 6 Min
السوريين في برلين - Kommentar 4/10 (Fassung 4)
Navigating to https://www.facebook.com/groups/888294561239687 to fetch posts...
Found 6 post(s) in 5 round(s); articles last seen: 9.
  kein Anlass: kein passender Beitrag (kein Bezug zum Angebot (empfehlung), kein
Bezug zum Angebot (job))
  السوريين في برلين: in diesem Lauf uebersprungen
السوريين في برلين Syrer in Berlin - Kommentar 2/10 (Fassung 2)
Navigating to https://www.facebook.com/groups/828811960577355 to fetch posts...
Found 7 post(s) in 5 round(s); articles last seen: 15.
  kein Anlass: kein passender Beitrag (kein Bezug zum Angebot (behoerde), kein 
Bezug zum Angebot (empfehlung))
  السوريين في برلين Syrer in Berlin: in diesem Lauf uebersprungen
السوريين في برلين Syrians in Berlin - Kommentar 2/10 (Fassung 2)
Navigating to https://www.facebook.com/groups/668139805288848 to fetch posts...
Found 7 post(s) in 5 round(s); articles last seen: 11.
  kein Anlass: kein passender Beitrag (kein Bezug zum Angebot (dienstleistung), 
kein Bezug zum Angebot (kauf_verkauf))
  السوريين في برلين Syrians in Berlin: in diesem Lauf uebersprungen
سورين في برلين Syrer in berlin - Kommentar 2/10 (Fassung 2)
Navigating to https://www.facebook.com/groups/1763513853863066 to fetch posts...
Error parsing article: Locator.get_attribute: Timeout 30000ms exceeded.
Call log:
  - waiting for locator("div").nth(5).locator(", , , , , ").first

Found 4 post(s) in 5 round(s); articles last seen: 8.
  kein Anlass: kein passender Beitrag (kein Bezug zum Angebot (kauf_verkauf), 
kein Bezug zum Angebot (sonstiges))
  سورين في برلين Syrer in berlin: in diesem Lauf uebersprungen
سوريين في المانيا 🇩🇪 برلين بوتسدام ⭐ Syrians in Potsdam - Kommentar 4/10 
(Fassung 4)
Navigating to https://www.facebook.com/groups/1033281186737137 to fetch posts...
Found 7 post(s) in 5 round(s); articles last seen: 9.
  [Versuch 1/3] private_contact_suggestion: reise/fragt (تذكرة)
  kein Anlass: kein vorbereiteter Text fuer keiner
  سوريين في المانيا 🇩🇪 برلين بوتسدام ⭐ Syrians in Potsdam: in diesem Lauf 
uebersprungen
سوريين في برلين المانيا Syrer in Berlin 🇸🇾🇩🇪 - Kommentar 1/10 (Fassung 1)
Navigating to https://www.facebook.com/groups/860952507320595 to fetch posts...
Keine Artikel im Aufbau gefunden - es wird trotzdem gesucht.
Found 0 post(s) in 5 round(s); articles last seen: 0.
  fehlgeschlagen: keine Beitraege zum Kommentieren gefunden
  سوريين في برلين المانيا Syrer in Berlin 🇸🇾🇩🇪: in diesem Lauf uebersprungen
Takt: noch 12 Min
شارع العرب في برلين - Kommentar 2/10 (Fassung 2)
Navigating to https://www.facebook.com/groups/266728025104178 to fetch posts...
Error parsing article: Locator.get_attribute: Timeout 30000ms exceeded.
Call log:
  - waiting for locator("div").nth(1).locator("a").nth(3)

Found 8 post(s) in 5 round(s); articles last seen: 14.
  kein Anlass: kein passender Beitrag (kein Bezug zum Angebot (behoerde), kein 
Bezug zum Angebot (dienstleistung))
  شارع العرب في برلين: in diesem Lauf uebersprungen
عرب برلين المانيا بوتسدام - Kommentar 2/10 (Fassung 2)
Navigating to https://www.facebook.com/groups/1624197331206590 to fetch posts...
Found 7 post(s) in 5 round(s); articles last seen: 9.
  kein Anlass: kein passender Beitrag (kein Bezug zum Angebot (kauf_verkauf), 
kein Bezug zum Angebot (sonstiges))
  عرب برلين المانيا بوتسدام: in diesem Lauf uebersprungen
╭───────────────────────────────── Automatik ──────────────────────────────────╮
│ Automatik NICHT vollstaendig abgeschlossen                                   │
│                                                                              │
│ Kampagnen:  0 / 1                                                            │
│ Gruppen:    1 / 17                                                           │
│ Beitraege:  3 / 17                                                           │
│ Kommentare: 18 / 170                                                         │
│                                                                              │
│ Heute nicht mehr moeglich:                                                   │
│   post: abgeschaltet (pro_tag 0)                                             │
│                                                                              │
│ 16 Gruppe(n) nach einem Fehlschlag beiseitegelegt. Der Lauf ist deswegen     │
│ nicht abgebrochen; der naechste faengt mit ihnen wieder an.                  │
╰──────────────────────────────────────────────────────────────────────────────╯
[2026-09-23 14:30:22] Lauf beendet (Exit 1, 3348s) - Kommentare: 16 -> 18 (+2)
[2026-09-23 14:35:22] Stunde um - frische Liste mit --neu
Neuer Lauf 13
Batreeq Syrian Germany - Neubewertung
  17 Gruppen bewertet, 0 mit geaendertem Score
Araber in Berlin Gruppe | العرب في برلين - Kommentar 3/10 (Fassung 3)
Navigating to https://www.facebook.com/groups/arabinberlin to fetch posts...
Found 10 post(s) in 5 round(s); articles last seen: 17.
  [Versuch 1/3] direct_app_recommendation: versand/fragt/gegenstand (بعت), Bezug
belegt
  Vorlage ar/anlaesse/gegenstand/unshur (tracking_link)
Navigating to post 
https://www.facebook.com/groups/arabinberlin/posts/1682350506750656/...
Looking for the comment box...
Could not find the comment box. Are comments allowed on this post? (Textfelder: 
0)
  [Ergebnis] technisch fehlgeschlagen: Kommentarfeld nicht gefunden [Aktion] 
naechster Beitrag
  fehlgeschlagen: Kommentarfeld nicht gefunden (1 Beitraege versucht)
  Araber in Berlin Gruppe | العرب في برلين: in diesem Lauf uebersprungen
Takt: noch 12 Min
Arabische Studierende in Berlin-الطلاب العرب في برلين - Kommentar 2/10 (Fassung 
2)
Navigating to https://www.facebook.com/groups/arab.in.deutschland to fetch 
posts...
Found 7 post(s) in 5 round(s); articles last seen: 9.
  kein Anlass: kein passender Beitrag (kein Bezug zum Angebot (sonstiges))
  Arabische Studierende in Berlin-الطلاب العرب في برلين: in diesem Lauf 
uebersprungen
سوريين في برلين/إستشارات/ فرص عمل / بيوت للإيجار - Kommentar 3/10 (Fassung 3)
Navigating to https://www.facebook.com/groups/1477938102509363 to fetch posts...
Found 7 post(s) in 5 round(s); articles last seen: 16.
  kein Anlass: kein passender Beitrag (kein Bezug zum Angebot (sonstiges), kein 
Bezug zum Angebot (wohnung))
  سوريين في برلين/إستشارات/ فرص عمل / بيوت للإيجار: in diesem Lauf uebersprungen
سوق العرب في برلين Arabischer Flohmarkt in Berlin - Kommentar 1/10 (Fassung 1)
Navigating to https://www.facebook.com/groups/266394850499868 to fetch posts...
Error parsing article: Locator.get_attribute: Timeout 30000ms exceeded.
Call log:
  - waiting for locator("div").first.locator("a").nth(6)

Found 6 post(s) in 5 round(s); articles last seen: 11.
  kein Anlass: kein passender Beitrag (kein Bezug zum Angebot (reise), kein 
Bezug zum Angebot (sonstiges))
  سوق العرب في برلين Arabischer Flohmarkt in Berlin: in diesem Lauf 
uebersprungen
برلين ألمانيا فرص العمل في ألمانيا( 12) - Kommentar 3/10 (Fassung 3)
Navigating to https://www.facebook.com/groups/460113895124111 to fetch posts...
Found 7 post(s) in 5 round(s); articles last seen: 8.
  kein Anlass: kein passender Beitrag (kein Bezug zum Angebot (sonstiges))
  برلين ألمانيا فرص العمل في ألمانيا( 12): in diesem Lauf uebersprungen
ســفارة الجمهوريـة العربيـة السوريـة-برليــن - Kommentar 1/10 (Fassung 1)
Navigating to https://www.facebook.com/groups/998502627289006 to fetch posts...
Found 8 post(s) in 5 round(s); articles last seen: 16.
  kein Anlass: kein passender Beitrag (kein Bezug zum Angebot (behoerde), kein 
Bezug zum Angebot (job))
  ســفارة الجمهوريـة العربيـة السوريـة-برليــن: in diesem Lauf uebersprungen
سوريون مقيمين في برلين - Kommentar 1/10 (Fassung 1)
Navigating to https://www.facebook.com/groups/1060505847347081 to fetch posts...
Error parsing article: Locator.get_attribute: Timeout 30000ms exceeded.
Call log:
  - waiting for locator("div").nth(1).locator("a").first

Found 5 post(s) in 5 round(s); articles last seen: 11.
  kein Anlass: kein passender Beitrag (kein Bezug zum Angebot (kauf_verkauf), 
kein Bezug zum Angebot (sonstiges))
  سوريون مقيمين في برلين: in diesem Lauf uebersprungen
عرب برلين Arab Berlin - Kommentar 1/10 (Fassung 1)
Navigating to https://www.facebook.com/groups/araberlin to fetch posts...
Found 7 post(s) in 5 round(s); articles last seen: 11.
  kein Anlass: kein passender Beitrag (kein Bezug zum Angebot (dienstleistung), 
kein Bezug zum Angebot (empfehlung))
  عرب برلين Arab Berlin: in diesem Lauf uebersprungen
السوريين في برلين - Kommentar 4/10 (Fassung 4)
Navigating to https://www.facebook.com/groups/888294561239687 to fetch posts...
Error parsing article: Locator.get_attribute: Timeout 30000ms exceeded.
Call log:
  - waiting for locator("div").nth(6).locator("a").nth(7)

Found 5 post(s) in 5 round(s); articles last seen: 9.
  [Versuch 1/3] direct_app_recommendation: versand/fragt/geschenk (ارسال, 
إرسال), Bezug belegt
  Vorlage ar/anlaesse/geschenk/hadiye (tracking_link)
Navigating to post 
https://www.facebook.com/groups/888294561239687/posts/28211537661822008/...
Looking for the comment box...
Kommentarfeld gefunden (beschriftet).
Typing comment (pasting/inserting directly)...
Submitting comment (pressing Enter)...
Comment submitted successfully!
  veroeffentlicht
Takt: noch 7 Min
السوريين في برلين - Kommentar 5/10 (Fassung 5)
Navigating to https://www.facebook.com/groups/888294561239687 to fetch posts...
Found 2 post(s) in 5 round(s); articles last seen: 4.
  [Versuch 1/3] direct_app_recommendation: versand/bietet/bietet_mitnahme (شحن),
Bezug belegt
  Vorlage ar/anlaesse/bietet_mitnahme/talabat (tracking_link)
Navigating to post 
https://www.facebook.com/groups/888294561239687/posts/28211761545132953/...
Looking for the comment box...
Kommentarfeld gefunden (beschriftet).
Typing comment (pasting/inserting directly)...
Submitting comment (pressing Enter)...
Comment submitted successfully!
  veroeffentlicht
Takt: noch 12 Min
السوريين في برلين - Kommentar 6/10 (Fassung 6)
Navigating to https://www.facebook.com/groups/888294561239687 to fetch posts...
Found 6 post(s) in 5 round(s); articles last seen: 8.
  [Versuch 1/3] direct_app_recommendation: versand/fragt/gegenstand (بعت, يبعت),
Bezug belegt
  Vorlage ar/anlaesse/gegenstand/unshur (tracking_link)
Navigating to post 
https://www.facebook.com/groups/888294561239687/posts/28211917948450646/...
Looking for the comment box...
Kommentarfeld gefunden (beschriftet).
Typing comment (pasting/inserting directly)...
Submitting comment (pressing Enter)...
Comment submitted successfully!
  veroeffentlicht
Takt: noch 12 Min
السوريين في برلين - Kommentar 7/10 (Fassung 7)
Navigating to https://www.facebook.com/groups/888294561239687 to fetch posts...
Found 7 post(s) in 5 round(s); articles last seen: 9.
  kein Anlass: kein passender Beitrag (kein Bezug zum Angebot (job), kein Bezug 
zum Angebot (wohnung))
  السوريين في برلين: in diesem Lauf uebersprungen
السوريين في برلين Syrer in Berlin - Kommentar 2/10 (Fassung 2)
Navigating to https://www.facebook.com/groups/828811960577355 to fetch posts...
Found 7 post(s) in 5 round(s); articles last seen: 15.
  kein Anlass: kein passender Beitrag (kein Bezug zum Angebot (behoerde), kein 
Bezug zum Angebot (empfehlung))
  السوريين في برلين Syrer in Berlin: in diesem Lauf uebersprungen
السوريين في برلين Syrians in Berlin - Kommentar 2/10 (Fassung 2)
Navigating to https://www.facebook.com/groups/668139805288848 to fetch posts...
Found 7 post(s) in 5 round(s); articles last seen: 11.
  kein Anlass: kein passender Beitrag (kein Bezug zum Angebot (dienstleistung), 
kein Bezug zum Angebot (kauf_verkauf))
  السوريين في برلين Syrians in Berlin: in diesem Lauf uebersprungen
سورين في برلين Syrer in berlin - Kommentar 2/10 (Fassung 2)
Navigating to https://www.facebook.com/groups/1763513853863066 to fetch posts...
Found 4 post(s) in 5 round(s); articles last seen: 6.
  kein Anlass: kein passender Beitrag (kein Bezug zum Angebot (kauf_verkauf), 
kein Bezug zum Angebot (sonstiges))
  سورين في برلين Syrer in berlin: in diesem Lauf uebersprungen
سوريين في المانيا 🇩🇪 برلين بوتسدام ⭐ Syrians in Potsdam - Kommentar 4/10 
(Fassung 4)
Navigating to https://www.facebook.com/groups/1033281186737137 to fetch posts...
Found 6 post(s) in 5 round(s); articles last seen: 8.
  [Versuch 1/3] private_contact_suggestion: reise/fragt (تذكرة)
  kein Anlass: kein vorbereiteter Text fuer keiner
  سوريين في المانيا 🇩🇪 برلين بوتسدام ⭐ Syrians in Potsdam: in diesem Lauf 
uebersprungen
سوريين في برلين المانيا Syrer in Berlin 🇸🇾🇩🇪 - Kommentar 1/10 (Fassung 1)
Navigating to https://www.facebook.com/groups/860952507320595 to fetch posts...
Keine Artikel im Aufbau gefunden - es wird trotzdem gesucht.
Found 0 post(s) in 5 round(s); articles last seen: 0.
  fehlgeschlagen: keine Beitraege zum Kommentieren gefunden
  سوريين في برلين المانيا Syrer in Berlin 🇸🇾🇩🇪: in diesem Lauf uebersprungen
Takt: noch 7 Min
شارع العرب في برلين - Kommentar 2/10 (Fassung 2)
Navigating to https://www.facebook.com/groups/266728025104178 to fetch posts...
Found 7 post(s) in 5 round(s); articles last seen: 9.
  kein Anlass: kein passender Beitrag (kein Bezug zum Angebot (behoerde), kein 
Bezug zum Angebot (dienstleistung))
  شارع العرب في برلين: in diesem Lauf uebersprungen
عرب برلين المانيا بوتسدام - Kommentar 2/10 (Fassung 2)
Navigating to https://www.facebook.com/groups/1624197331206590 to fetch posts...
Found 6 post(s) in 5 round(s); articles last seen: 9.
  kein Anlass: kein passender Beitrag (kein Bezug zum Angebot (kauf_verkauf), 
kein Bezug zum Angebot (sonstiges))
  عرب برلين المانيا بوتسدام: in diesem Lauf uebersprungen
╭───────────────────────────────── Automatik ──────────────────────────────────╮
│ Automatik NICHT vollstaendig abgeschlossen                                   │
│                                                                              │
│ Kampagnen:  0 / 1                                                            │
│ Gruppen:    1 / 17                                                           │
│ Beitraege:  3 / 17                                                           │
│ Kommentare: 21 / 170                                                         │
│                                                                              │
│ Heute nicht mehr moeglich:                                                   │
│   post: abgeschaltet (pro_tag 0)                                             │
│                                                                              │
│ 16 Gruppe(n) nach einem Fehlschlag beiseitegelegt. Der Lauf ist deswegen     │
│ nicht abgebrochen; der naechste faengt mit ihnen wieder an.                  │
╰──────────────────────────────────────────────────────────────────────────────╯
[2026-09-23 15:38:52] Lauf beendet (Exit 1, 3810s) - Kommentare: 18 -> 21 (+3)
[2026-09-23 15:43:52] Stunde um - frische Liste mit --neu
Neuer Lauf 14
Batreeq Syrian Germany - Neubewertung
  17 Gruppen bewertet, 0 mit geaendertem Score
Araber in Berlin Gruppe | العرب في برلين - Kommentar 3/10 (Fassung 3)
Navigating to https://www.facebook.com/groups/arabinberlin to fetch posts...
Error parsing article: Locator.get_attribute: Timeout 30000ms exceeded.
Call log:
  - waiting for locator("div").nth(5).locator("a").first

Found 12 post(s) in 5 round(s); articles last seen: 20.
  [Versuch 1/3] direct_app_recommendation: versand/fragt/gegenstand (بعت), Bezug
belegt
  Vorlage ar/anlaesse/gegenstand/unshur (tracking_link)
Navigating to post 
https://www.facebook.com/groups/arabinberlin/posts/1682350506750656/...
Looking for the comment box...
Could not find the comment box. Are comments allowed on this post? (Textfelder: 
0)
  [Ergebnis] technisch fehlgeschlagen: Kommentarfeld nicht gefunden [Aktion] 
naechster Beitrag
  fehlgeschlagen: Kommentarfeld nicht gefunden (1 Beitraege versucht)
  Araber in Berlin Gruppe | العرب في برلين: in diesem Lauf uebersprungen
Takt: noch 10 Min
Arabische Studierende in Berlin-الطلاب العرب في برلين - Kommentar 2/10 (Fassung 
2)
Navigating to https://www.facebook.com/groups/arab.in.deutschland to fetch 
posts...
Error parsing article: Locator.get_attribute: Timeout 30000ms exceeded.
Call log:
  - waiting for locator("div").nth(1).locator("a").nth(5)

Found 7 post(s) in 5 round(s); articles last seen: 11.
  kein Anlass: kein passender Beitrag (kein Bezug zum Angebot (sonstiges))
  Arabische Studierende in Berlin-الطلاب العرب في برلين: in diesem Lauf 
uebersprungen
سوريين في برلين/إستشارات/ فرص عمل / بيوت للإيجار - Kommentar 3/10 (Fassung 3)
Navigating to https://www.facebook.com/groups/1477938102509363 to fetch posts...
Found 6 post(s) in 5 round(s); articles last seen: 16.
  kein Anlass: kein passender Beitrag (kein Bezug zum Angebot (empfehlung), kein
Bezug zum Angebot (sonstiges))
  سوريين في برلين/إستشارات/ فرص عمل / بيوت للإيجار: in diesem Lauf uebersprungen
سوق العرب في برلين Arabischer Flohmarkt in Berlin - Kommentar 1/10 (Fassung 1)
Navigating to https://www.facebook.com/groups/266394850499868 to fetch posts...
Found 6 post(s) in 5 round(s); articles last seen: 7.
  kein Anlass: kein passender Beitrag (kein Bezug zum Angebot (reise), kein 
Bezug zum Angebot (sonstiges))
  سوق العرب في برلين Arabischer Flohmarkt in Berlin: in diesem Lauf 
uebersprungen
برلين ألمانيا فرص العمل في ألمانيا( 12) - Kommentar 3/10 (Fassung 3)
Navigating to https://www.facebook.com/groups/460113895124111 to fetch posts...
Found 6 post(s) in 5 round(s); articles last seen: 8.
  kein Anlass: kein passender Beitrag (kein Bezug zum Angebot (sonstiges))
  برلين ألمانيا فرص العمل في ألمانيا( 12): in diesem Lauf uebersprungen
ســفارة الجمهوريـة العربيـة السوريـة-برليــن - Kommentar 1/10 (Fassung 1)
Navigating to https://www.facebook.com/groups/998502627289006 to fetch posts...
Found 8 post(s) in 5 round(s); articles last seen: 17.
  kein Anlass: kein passender Beitrag (kein Bezug zum Angebot (behoerde), kein 
Bezug zum Angebot (job))
  ســفارة الجمهوريـة العربيـة السوريـة-برليــن: in diesem Lauf uebersprungen
سوريون مقيمين في برلين - Kommentar 1/10 (Fassung 1)
Navigating to https://www.facebook.com/groups/1060505847347081 to fetch posts...
Found 7 post(s) in 5 round(s); articles last seen: 12.
  kein Anlass: kein passender Beitrag (kein Bezug zum Angebot (job), kein Bezug 
zum Angebot (kauf_verkauf))
  سوريون مقيمين في برلين: in diesem Lauf uebersprungen
عرب برلين Arab Berlin - Kommentar 1/10 (Fassung 1)
Navigating to https://www.facebook.com/groups/araberlin to fetch posts...
Error parsing article: Locator.get_attribute: Timeout 30000ms exceeded.
Call log:
  - waiting for locator("div").first.locator("a").nth(2)

Found 5 post(s) in 5 round(s); articles last seen: 10.
  kein Anlass: kein passender Beitrag (kein Bezug zum Angebot (empfehlung), kein
Bezug zum Angebot (kauf_verkauf))
  عرب برلين Arab Berlin: in diesem Lauf uebersprungen
السوريين في برلين - Kommentar 7/10 (Fassung 7)
Navigating to https://www.facebook.com/groups/888294561239687 to fetch posts...
Found 5 post(s) in 5 round(s); articles last seen: 10.
  [Versuch 1/3] direct_app_recommendation: versand/fragt/gegenstand (توصيل), 
Bezug belegt
  Vorlage ar/anlaesse/gegenstand/sagheer (tracking_link)
Navigating to post 
https://www.facebook.com/groups/888294561239687/posts/28212282041747570/...
Looking for the comment box...
Kommentarfeld gefunden (beschriftet).
Typing comment (pasting/inserting directly)...
Submitting comment (pressing Enter)...
Comment submitted successfully!
  veroeffentlicht
Takt: noch 12 Min
السوريين في برلين - Kommentar 8/10 (Fassung 8)
Navigating to https://www.facebook.com/groups/888294561239687 to fetch posts...
Error parsing article: Locator.get_attribute: Timeout 30000ms exceeded.
Call log:
  - waiting for locator("div").nth(1).locator(", , , , , ").first

Error parsing article: Locator.get_attribute: Timeout 30000ms exceeded.
Call log:
  - waiting for locator("div").first.locator("a").nth(4)

Found 6 post(s) in 5 round(s); articles last seen: 11.
  [Versuch 1/3] direct_app_recommendation: versand/fragt/geschenk (توصيل), Bezug
belegt
  Vorlage ar/anlaesse/geschenk/musaade (tracking_link)
Navigating to post 
https://www.facebook.com/groups/888294561239687/posts/28212258055083302/...
Looking for the comment box...
Kommentarfeld gefunden (beschriftet).
Typing comment (pasting/inserting directly)...
Submitting comment (pressing Enter)...
Comment submitted successfully!
  veroeffentlicht
Takt: noch 6 Min
السوريين في برلين - Kommentar 9/10 (Fassung 9)
Navigating to https://www.facebook.com/groups/888294561239687 to fetch posts...
Found 4 post(s) in 5 round(s); articles last seen: 6.
  kein Anlass: kein passender Beitrag (kein Bezug zum Angebot (sonstiges))
  السوريين في برلين: in diesem Lauf uebersprungen
السوريين في برلين Syrer in Berlin - Kommentar 2/10 (Fassung 2)
Navigating to https://www.facebook.com/groups/828811960577355 to fetch posts...
Found 8 post(s) in 5 round(s); articles last seen: 18.
  kein Anlass: kein passender Beitrag (kein Bezug zum Angebot (behoerde), kein 
Bezug zum Angebot (dienstleistung))
  السوريين في برلين Syrer in Berlin: in diesem Lauf uebersprungen
السوريين في برلين Syrians in Berlin - Kommentar 2/10 (Fassung 2)
Navigating to https://www.facebook.com/groups/668139805288848 to fetch posts...
Found 7 post(s) in 5 round(s); articles last seen: 11.
  kein Anlass: kein passender Beitrag (kein Bezug zum Angebot (dienstleistung), 
kein Bezug zum Angebot (kauf_verkauf))
  السوريين في برلين Syrians in Berlin: in diesem Lauf uebersprungen
سورين في برلين Syrer in berlin - Kommentar 2/10 (Fassung 2)
Navigating to https://www.facebook.com/groups/1763513853863066 to fetch posts...
Found 7 post(s) in 5 round(s); articles last seen: 10.
  kein Anlass: kein passender Beitrag (kein Bezug zum Angebot (job), kein Bezug 
zum Angebot (kauf_verkauf))
  سورين في برلين Syrer in berlin: in diesem Lauf uebersprungen
سوريين في المانيا 🇩🇪 برلين بوتسدام ⭐ Syrians in Potsdam - Kommentar 4/10 
(Fassung 4)
Navigating to https://www.facebook.com/groups/1033281186737137 to fetch posts...
Found 7 post(s) in 5 round(s); articles last seen: 9.
  [Versuch 1/3] private_contact_suggestion: reise/fragt (تذكرة)
  kein Anlass: kein vorbereiteter Text fuer keiner
  سوريين في المانيا 🇩🇪 برلين بوتسدام ⭐ Syrians in Potsdam: in diesem Lauf 
uebersprungen
سوريين في برلين المانيا Syrer in Berlin 🇸🇾🇩🇪 - Kommentar 1/10 (Fassung 1)
Navigating to https://www.facebook.com/groups/860952507320595 to fetch posts...
Keine Artikel im Aufbau gefunden - es wird trotzdem gesucht.
Found 0 post(s) in 5 round(s); articles last seen: 0.
  fehlgeschlagen: keine Beitraege zum Kommentieren gefunden
  سوريين في برلين المانيا Syrer in Berlin 🇸🇾🇩🇪: in diesem Lauf uebersprungen
Takt: noch 10 Min
شارع العرب في برلين - Kommentar 2/10 (Fassung 2)
Navigating to https://www.facebook.com/groups/266728025104178 to fetch posts...
Error parsing article: Locator.get_attribute: Timeout 30000ms exceeded.
Call log:
  - waiting for locator("div").nth(8).locator("a").nth(9)

Found 8 post(s) in 5 round(s); articles last seen: 10.
  kein Anlass: kein passender Beitrag (kein Bezug zum Angebot (behoerde), kein 
Bezug zum Angebot (dienstleistung))
  شارع العرب في برلين: in diesem Lauf uebersprungen
عرب برلين المانيا بوتسدام - Kommentar 2/10 (Fassung 2)
Navigating to https://www.facebook.com/groups/1624197331206590 to fetch posts...
Found 7 post(s) in 5 round(s); articles last seen: 9.
  kein Anlass: kein passender Beitrag (kein Bezug zum Angebot (kauf_verkauf), 
kein Bezug zum Angebot (sonstiges))
  عرب برلين المانيا بوتسدام: in diesem Lauf uebersprungen
╭───────────────────────────────── Automatik ──────────────────────────────────╮
│ Automatik NICHT vollstaendig abgeschlossen                                   │
│                                                                              │
│ Kampagnen:  0 / 1                                                            │
│ Gruppen:    1 / 17                                                           │
│ Beitraege:  3 / 17                                                           │
│ Kommentare: 23 / 170                                                         │
│                                                                              │
│ Heute nicht mehr moeglich:                                                   │
│   post: abgeschaltet (pro_tag 0)                                             │
│                                                                              │
│ 16 Gruppe(n) nach einem Fehlschlag beiseitegelegt. Der Lauf ist deswegen     │
│ nicht abgebrochen; der naechste faengt mit ihnen wieder an.                  │
╰──────────────────────────────────────────────────────────────────────────────╯
[2026-09-23 16:34:39] Lauf beendet (Exit 1, 3046s) - Kommentare: 21 -> 23 (+2)
[2026-09-23 16:39:44] kein Lauf - wird fortgesetzt (--neu in 4 Min)
Lauf 14 wird fortgesetzt
╭───────────────────────────────── Automatik ──────────────────────────────────╮
│ Automatik NICHT vollstaendig abgeschlossen                                   │
│                                                                              │
│ Kampagnen:  0 / 1                                                            │
│ Gruppen:    1 / 17                                                           │
│ Beitraege:  3 / 17                                                           │
│ Kommentare: 23 / 170                                                         │
│                                                                              │
│ Heute nicht mehr moeglich:                                                   │
│   post: abgeschaltet (pro_tag 0)                                             │
│                                                                              │
│ 16 Gruppe(n) nach einem Fehlschlag beiseitegelegt. Der Lauf ist deswegen     │
│ nicht abgebrochen; der naechste faengt mit ihnen wieder an.                  │
╰──────────────────────────────────────────────────────────────────────────────╯
[2026-09-23 16:39:48] Lauf beendet (Exit 1, 4s) - Kommentare: 23 -> 23 (+0)
[2026-09-23 16:39:48]   -> Runde erschoepft, bis zum naechsten --neu wird nicht mehr gestartet
[2026-09-23 16:44:48] Stunde um - frische Liste mit --neu
Neuer Lauf 15
Batreeq Syrian Germany - Neubewertung
  17 Gruppen bewertet, 0 mit geaendertem Score
Araber in Berlin Gruppe | العرب في برلين - Kommentar 3/10 (Fassung 3)
Navigating to https://www.facebook.com/groups/arabinberlin to fetch posts...
Found 9 post(s) in 5 round(s); articles last seen: 17.
  [Versuch 1/3] direct_app_recommendation: versand/fragt/gegenstand (بعت), Bezug
belegt
  Vorlage ar/anlaesse/gegenstand/unshur (tracking_link)
Navigating to post 
https://www.facebook.com/groups/arabinberlin/posts/1682350506750656/...
Looking for the comment box...
Could not find the comment box. Are comments allowed on this post? (Textfelder: 
0)
  [Ergebnis] technisch fehlgeschlagen: Kommentarfeld nicht gefunden [Aktion] 
naechster Beitrag
  fehlgeschlagen: Kommentarfeld nicht gefunden (1 Beitraege versucht)
  Araber in Berlin Gruppe | العرب في برلين: in diesem Lauf uebersprungen
Takt: noch 6 Min
Arabische Studierende in Berlin-الطلاب العرب في برلين - Kommentar 2/10 (Fassung 
2)
Navigating to https://www.facebook.com/groups/arab.in.deutschland to fetch 
posts...
Found 7 post(s) in 5 round(s); articles last seen: 11.
  kein Anlass: kein passender Beitrag (kein Bezug zum Angebot (sonstiges))
  Arabische Studierende in Berlin-الطلاب العرب في برلين: in diesem Lauf 
uebersprungen
سوريين في برلين/إستشارات/ فرص عمل / بيوت للإيجار - Kommentar 3/10 (Fassung 3)
Navigating to https://www.facebook.com/groups/1477938102509363 to fetch posts...
Found 7 post(s) in 5 round(s); articles last seen: 20.
  kein Anlass: kein passender Beitrag (kein Bezug zum Angebot (empfehlung), kein
Bezug zum Angebot (kauf_verkauf))
  سوريين في برلين/إستشارات/ فرص عمل / بيوت للإيجار: in diesem Lauf uebersprungen
سوق العرب في برلين Arabischer Flohmarkt in Berlin - Kommentar 1/10 (Fassung 1)
Navigating to https://www.facebook.com/groups/266394850499868 to fetch posts...
Error parsing article: Locator.get_attribute: Timeout 30000ms exceeded.
Call log:
  - waiting for locator("div").first.locator("a").nth(1)

Found 6 post(s) in 5 round(s); articles last seen: 10.
  kein Anlass: kein passender Beitrag (kein Bezug zum Angebot (kauf_verkauf), 
kein Bezug zum Angebot (reise))
  سوق العرب في برلين Arabischer Flohmarkt in Berlin: in diesem Lauf 
uebersprungen
برلين ألمانيا فرص العمل في ألمانيا( 12) - Kommentar 3/10 (Fassung 3)
Navigating to https://www.facebook.com/groups/460113895124111 to fetch posts...
Found 6 post(s) in 5 round(s); articles last seen: 9.
  kein Anlass: kein passender Beitrag (kein Bezug zum Angebot (sonstiges))
  برلين ألمانيا فرص العمل في ألمانيا( 12): in diesem Lauf uebersprungen
ســفارة الجمهوريـة العربيـة السوريـة-برليــن - Kommentar 1/10 (Fassung 1)
Navigating to https://www.facebook.com/groups/998502627289006 to fetch posts...
Found 9 post(s) in 5 round(s); articles last seen: 17.
  kein Anlass: kein passender Beitrag (kein Bezug zum Angebot (behoerde), kein 
Bezug zum Angebot (job))
  ســفارة الجمهوريـة العربيـة السوريـة-برليــن: in diesem Lauf uebersprungen
سوريون مقيمين في برلين - Kommentar 1/10 (Fassung 1)
Navigating to https://www.facebook.com/groups/1060505847347081 to fetch posts...
Error parsing article: Locator.get_attribute: Timeout 30000ms exceeded.
Call log:
  - waiting for locator("div").first.locator("a").nth(2)

Found 6 post(s) in 5 round(s); articles last seen: 10.
  kein Anlass: kein passender Beitrag (kein Bezug zum Angebot (kauf_verkauf), 
kein Bezug zum Angebot (sonstiges))
  سوريون مقيمين في برلين: in diesem Lauf uebersprungen
عرب برلين Arab Berlin - Kommentar 1/10 (Fassung 1)
Navigating to https://www.facebook.com/groups/araberlin to fetch posts...
Error parsing article: Locator.get_attribute: Timeout 30000ms exceeded.
Call log:
  - waiting for locator("div").first.locator("a").nth(5)

Found 5 post(s) in 5 round(s); articles last seen: 10.
  kein Anlass: kein passender Beitrag (kein Bezug zum Angebot (empfehlung), kein
Bezug zum Angebot (kauf_verkauf))
  عرب برلين Arab Berlin: in diesem Lauf uebersprungen
السوريين في برلين - Kommentar 9/10 (Fassung 9)
Navigating to https://www.facebook.com/groups/888294561239687 to fetch posts...
Found 8 post(s) in 5 round(s); articles last seen: 11.
  kein Anlass: kein passender Beitrag (kein Bezug zum Angebot (kauf_verkauf), 
kein Bezug zum Angebot (sonstiges))
  السوريين في برلين: in diesem Lauf uebersprungen
السوريين في برلين Syrer in Berlin - Kommentar 2/10 (Fassung 2)
Navigating to https://www.facebook.com/groups/828811960577355 to fetch posts...
Found 8 post(s) in 5 round(s); articles last seen: 18.
  kein Anlass: kein passender Beitrag (kein Bezug zum Angebot (behoerde), kein 
Bezug zum Angebot (dienstleistung))
  السوريين في برلين Syrer in Berlin: in diesem Lauf uebersprungen
السوريين في برلين Syrians in Berlin - Kommentar 2/10 (Fassung 2)
Navigating to https://www.facebook.com/groups/668139805288848 to fetch posts...
Error parsing article: Locator.get_attribute: Timeout 30000ms exceeded.
Call log:
  - waiting for locator("div").nth(1).locator("a").nth(2)

Found 7 post(s) in 5 round(s); articles last seen: 11.
  kein Anlass: kein passender Beitrag (kein Bezug zum Angebot (dienstleistung), 
kein Bezug zum Angebot (kauf_verkauf))
  السوريين في برلين Syrians in Berlin: in diesem Lauf uebersprungen
سورين في برلين Syrer in berlin - Kommentar 2/10 (Fassung 2)
Navigating to https://www.facebook.com/groups/1763513853863066 to fetch posts...
Found 7 post(s) in 5 round(s); articles last seen: 10.
  kein Anlass: kein passender Beitrag (kein Bezug zum Angebot (job), kein Bezug 
zum Angebot (kauf_verkauf))
  سورين في برلين Syrer in berlin: in diesem Lauf uebersprungen
سوريين في المانيا 🇩🇪 برلين بوتسدام ⭐ Syrians in Potsdam - Kommentar 4/10 
(Fassung 4)
Navigating to https://www.facebook.com/groups/1033281186737137 to fetch posts...
Found 5 post(s) in 5 round(s); articles last seen: 6.
  [Versuch 1/3] private_contact_suggestion: reise/fragt (تذكرة)
  kein Anlass: kein vorbereiteter Text fuer keiner
  سوريين في المانيا 🇩🇪 برلين بوتسدام ⭐ Syrians in Potsdam: in diesem Lauf 
uebersprungen
سوريين في برلين المانيا Syrer in Berlin 🇸🇾🇩🇪 - Kommentar 1/10 (Fassung 1)
Navigating to https://www.facebook.com/groups/860952507320595 to fetch posts...
Keine Artikel im Aufbau gefunden - es wird trotzdem gesucht.
Found 0 post(s) in 5 round(s); articles last seen: 0.
  fehlgeschlagen: keine Beitraege zum Kommentieren gefunden
  سوريين في برلين المانيا Syrer in Berlin 🇸🇾🇩🇪: in diesem Lauf uebersprungen
Takt: noch 12 Min
شارع العرب في برلين - Kommentar 2/10 (Fassung 2)
Navigating to https://www.facebook.com/groups/266728025104178 to fetch posts...
Found 8 post(s) in 5 round(s); articles last seen: 14.
  kein Anlass: kein passender Beitrag (kein Bezug zum Angebot (behoerde), kein 
Bezug zum Angebot (dienstleistung))
  شارع العرب في برلين: in diesem Lauf uebersprungen
عرب برلين المانيا بوتسدام - Kommentar 2/10 (Fassung 2)
Navigating to https://www.facebook.com/groups/1624197331206590 to fetch posts...
Found 5 post(s) in 5 round(s); articles last seen: 9.
  kein Anlass: kein passender Beitrag (kein Bezug zum Angebot (kauf_verkauf), 
kein Bezug zum Angebot (sonstiges))
  عرب برلين المانيا بوتسدام: in diesem Lauf uebersprungen
╭───────────────────────────────── Automatik ──────────────────────────────────╮
│ Automatik NICHT vollstaendig abgeschlossen                                   │
│                                                                              │
│ Kampagnen:  0 / 1                                                            │
│ Gruppen:    1 / 17                                                           │
│ Beitraege:  3 / 17                                                           │
│ Kommentare: 23 / 170                                                         │
│                                                                              │
│ Heute nicht mehr moeglich:                                                   │
│   post: abgeschaltet (pro_tag 0)                                             │
│                                                                              │
│ 16 Gruppe(n) nach einem Fehlschlag beiseitegelegt. Der Lauf ist deswegen     │
│ nicht abgebrochen; der naechste faengt mit ihnen wieder an.                  │
╰──────────────────────────────────────────────────────────────────────────────╯
[2026-09-23 17:11:55] Lauf beendet (Exit 1, 1627s) - Kommentare: 23 -> 23 (+0)
[2026-09-23 17:16:55] kein Lauf - wird fortgesetzt (--neu in 27 Min)
Lauf 15 wird fortgesetzt
╭───────────────────────────────── Automatik ──────────────────────────────────╮
│ Automatik NICHT vollstaendig abgeschlossen                                   │
│                                                                              │
│ Kampagnen:  0 / 1                                                            │
│ Gruppen:    1 / 17                                                           │
│ Beitraege:  3 / 17                                                           │
│ Kommentare: 23 / 170                                                         │
│                                                                              │
│ Heute nicht mehr moeglich:                                                   │
│   post: abgeschaltet (pro_tag 0)                                             │
│                                                                              │
│ 16 Gruppe(n) nach einem Fehlschlag beiseitegelegt. Der Lauf ist deswegen     │
│ nicht abgebrochen; der naechste faengt mit ihnen wieder an.                  │
╰──────────────────────────────────────────────────────────────────────────────╯
[2026-09-23 17:16:58] Lauf beendet (Exit 1, 3s) - Kommentare: 23 -> 23 (+0)
[2026-09-23 17:16:58]   -> Runde erschoepft, bis zum naechsten --neu wird nicht mehr gestartet
[2026-09-23 17:22:04] Runde durch - warte auf --neu (in 22 Min)
[2026-09-23 17:27:04] Runde durch - warte auf --neu (in 17 Min)
[2026-09-23 17:32:04] Runde durch - warte auf --neu (in 12 Min)
[2026-09-23 17:37:05] Runde durch - warte auf --neu (in 7 Min)
[2026-09-23 17:42:11] Runde durch - warte auf --neu (in 2 Min)
[2026-09-23 17:47:11] Stunde um - frische Liste mit --neu
Neuer Lauf 16
Batreeq Syrian Germany - Neubewertung
  17 Gruppen bewertet, 0 mit geaendertem Score
Araber in Berlin Gruppe | العرب في برلين - Kommentar 3/10 (Fassung 3)
Navigating to https://www.facebook.com/groups/arabinberlin to fetch posts...
Found 7 post(s) in 5 round(s); articles last seen: 14.
  [Versuch 1/3] direct_app_recommendation: versand/fragt/gegenstand (بعت), Bezug
belegt
  Vorlage ar/anlaesse/gegenstand/unshur (tracking_link)
Navigating to post 
https://www.facebook.com/groups/arabinberlin/posts/1682350506750656/...
Looking for the comment box...
Could not find the comment box. Are comments allowed on this post? (Textfelder: 
0)
  [Ergebnis] technisch fehlgeschlagen: Kommentarfeld nicht gefunden [Aktion] 
naechster Beitrag
  fehlgeschlagen: Kommentarfeld nicht gefunden (1 Beitraege versucht)
  Araber in Berlin Gruppe | العرب في برلين: in diesem Lauf uebersprungen
Takt: noch 7 Min
Arabische Studierende in Berlin-الطلاب العرب في برلين - Kommentar 2/10 (Fassung 
2)
Navigating to https://www.facebook.com/groups/arab.in.deutschland to fetch 
posts...
Found 6 post(s) in 5 round(s); articles last seen: 8.
  kein Anlass: kein passender Beitrag (kein Bezug zum Angebot (sonstiges))
  Arabische Studierende in Berlin-الطلاب العرب في برلين: in diesem Lauf 
uebersprungen
سوريين في برلين/إستشارات/ فرص عمل / بيوت للإيجار - Kommentar 3/10 (Fassung 3)
Navigating to https://www.facebook.com/groups/1477938102509363 to fetch posts...
Error parsing article: Locator.get_attribute: Timeout 30000ms exceeded.
Call log:
  - waiting for locator("div").nth(13).locator("a").nth(2)

Found 6 post(s) in 5 round(s); articles last seen: 17.
  kein Anlass: kein passender Beitrag (kein Bezug zum Angebot (empfehlung), kein
Bezug zum Angebot (sonstiges))
  سوريين في برلين/إستشارات/ فرص عمل / بيوت للإيجار: in diesem Lauf uebersprungen
سوق العرب في برلين Arabischer Flohmarkt in Berlin - Kommentar 1/10 (Fassung 1)
Navigating to https://www.facebook.com/groups/266394850499868 to fetch posts...
Error parsing article: Locator.get_attribute: Timeout 30000ms exceeded.
Call log:
  - waiting for locator("div").nth(1).locator("a").nth(1)

Found 6 post(s) in 5 round(s); articles last seen: 8.
  kein Anlass: kein passender Beitrag (kein Bezug zum Angebot (empfehlung), kein
Bezug zum Angebot (kauf_verkauf))
  سوق العرب في برلين Arabischer Flohmarkt in Berlin: in diesem Lauf 
uebersprungen
برلين ألمانيا فرص العمل في ألمانيا( 12) - Kommentar 3/10 (Fassung 3)
Navigating to https://www.facebook.com/groups/460113895124111 to fetch posts...
Found 6 post(s) in 5 round(s); articles last seen: 9.
  kein Anlass: kein passender Beitrag (kein Bezug zum Angebot (sonstiges))
  برلين ألمانيا فرص العمل في ألمانيا( 12): in diesem Lauf uebersprungen
ســفارة الجمهوريـة العربيـة السوريـة-برليــن - Kommentar 1/10 (Fassung 1)
Navigating to https://www.facebook.com/groups/998502627289006 to fetch posts...
Found 8 post(s) in 5 round(s); articles last seen: 17.
  kein Anlass: kein passender Beitrag (kein Bezug zum Angebot (behoerde), kein 
Bezug zum Angebot (job))
  ســفارة الجمهوريـة العربيـة السوريـة-برليــن: in diesem Lauf uebersprungen
سوريون مقيمين في برلين - Kommentar 1/10 (Fassung 1)
Navigating to https://www.facebook.com/groups/1060505847347081 to fetch posts...
Found 6 post(s) in 5 round(s); articles last seen: 10.
  kein Anlass: kein passender Beitrag (kein Bezug zum Angebot (kauf_verkauf), 
kein Bezug zum Angebot (sonstiges))
  سوريون مقيمين في برلين: in diesem Lauf uebersprungen
عرب برلين Arab Berlin - Kommentar 1/10 (Fassung 1)
Navigating to https://www.facebook.com/groups/araberlin to fetch posts...
Error parsing article: Locator.get_attribute: Timeout 30000ms exceeded.
Call log:
  - waiting for locator("div").first.locator("a").nth(3)

Found 5 post(s) in 5 round(s); articles last seen: 10.
  kein Anlass: kein passender Beitrag (kein Bezug zum Angebot (empfehlung), kein
Bezug zum Angebot (sonstiges))
  عرب برلين Arab Berlin: in diesem Lauf uebersprungen
السوريين في برلين - Kommentar 9/10 (Fassung 9)
Navigating to https://www.facebook.com/groups/888294561239687 to fetch posts...
Found 7 post(s) in 5 round(s); articles last seen: 12.
  [Versuch 1/3] direct_app_recommendation: versand/fragt/gegenstand (ارسال, 
إرسال), Bezug belegt
  Vorlage ar/anlaesse/gegenstand/sagheer (tracking_link)
Navigating to post 
https://www.facebook.com/groups/888294561239687/posts/28213673951608379/...
Looking for the comment box...
Kommentarfeld gefunden (beschriftet).
Typing comment (pasting/inserting directly)...
Submitting comment (pressing Enter)...
Comment submitted successfully!
  veroeffentlicht
Takt: noch 6 Min
السوريين في برلين - Kommentar 10/10 (Fassung 10)
Navigating to https://www.facebook.com/groups/888294561239687 to fetch posts...
Found 7 post(s) in 5 round(s); articles last seen: 9.
  kein Anlass: kein passender Beitrag (kein Bezug zum Angebot (empfehlung), kein
Bezug zum Angebot (sonstiges))
  السوريين في برلين: in diesem Lauf uebersprungen
السوريين في برلين Syrer in Berlin - Kommentar 2/10 (Fassung 2)
Navigating to https://www.facebook.com/groups/828811960577355 to fetch posts...
Found 7 post(s) in 5 round(s); articles last seen: 14.
  kein Anlass: kein passender Beitrag (kein Bezug zum Angebot (behoerde), kein 
Bezug zum Angebot (empfehlung))
  السوريين في برلين Syrer in Berlin: in diesem Lauf uebersprungen
السوريين في برلين Syrians in Berlin - Kommentar 2/10 (Fassung 2)
Navigating to https://www.facebook.com/groups/668139805288848 to fetch posts...
Found 7 post(s) in 5 round(s); articles last seen: 11.
  kein Anlass: kein passender Beitrag (kein Bezug zum Angebot (dienstleistung), 
kein Bezug zum Angebot (kauf_verkauf))
  السوريين في برلين Syrians in Berlin: in diesem Lauf uebersprungen
سورين في برلين Syrer in berlin - Kommentar 2/10 (Fassung 2)
Navigating to https://www.facebook.com/groups/1763513853863066 to fetch posts...
Found 7 post(s) in 5 round(s); articles last seen: 10.
  kein Anlass: kein passender Beitrag (kein Bezug zum Angebot (job), kein Bezug 
zum Angebot (kauf_verkauf))
  سورين في برلين Syrer in berlin: in diesem Lauf uebersprungen
سوريين في المانيا 🇩🇪 برلين بوتسدام ⭐ Syrians in Potsdam - Kommentar 4/10 
(Fassung 4)
Navigating to https://www.facebook.com/groups/1033281186737137 to fetch posts...
Found 7 post(s) in 5 round(s); articles last seen: 9.
  [Versuch 1/3] private_contact_suggestion: reise/fragt (تذكرة)
  kein Anlass: kein vorbereiteter Text fuer keiner
  سوريين في المانيا 🇩🇪 برلين بوتسدام ⭐ Syrians in Potsdam: in diesem Lauf 
uebersprungen
سوريين في برلين المانيا Syrer in Berlin 🇸🇾🇩🇪 - Kommentar 1/10 (Fassung 1)
Navigating to https://www.facebook.com/groups/860952507320595 to fetch posts...
Keine Artikel im Aufbau gefunden - es wird trotzdem gesucht.
Found 0 post(s) in 5 round(s); articles last seen: 0.
  fehlgeschlagen: keine Beitraege zum Kommentieren gefunden
  سوريين في برلين المانيا Syrer in Berlin 🇸🇾🇩🇪: in diesem Lauf uebersprungen
Takt: noch 8 Min
شارع العرب في برلين - Kommentar 2/10 (Fassung 2)
Navigating to https://www.facebook.com/groups/266728025104178 to fetch posts...
Found 7 post(s) in 5 round(s); articles last seen: 9.
  kein Anlass: kein passender Beitrag (kein Bezug zum Angebot (behoerde), kein 
Bezug zum Angebot (dienstleistung))
  شارع العرب في برلين: in diesem Lauf uebersprungen
عرب برلين المانيا بوتسدام - Kommentar 2/10 (Fassung 2)
Navigating to https://www.facebook.com/groups/1624197331206590 to fetch posts...
Found 4 post(s) in 5 round(s); articles last seen: 6.
  kein Anlass: kein passender Beitrag (kein Bezug zum Angebot (kauf_verkauf), 
kein Bezug zum Angebot (sonstiges))
  عرب برلين المانيا بوتسدام: in diesem Lauf uebersprungen
╭───────────────────────────────── Automatik ──────────────────────────────────╮
│ Automatik NICHT vollstaendig abgeschlossen                                   │
│                                                                              │
│ Kampagnen:  0 / 1                                                            │
│ Gruppen:    1 / 17                                                           │
│ Beitraege:  3 / 17                                                           │
│ Kommentare: 24 / 170                                                         │
│                                                                              │
│ Heute nicht mehr moeglich:                                                   │
│   post: abgeschaltet (pro_tag 0)                                             │
│                                                                              │
│ 16 Gruppe(n) nach einem Fehlschlag beiseitegelegt. Der Lauf ist deswegen     │
│ nicht abgebrochen; der naechste faengt mit ihnen wieder an.                  │
╰──────────────────────────────────────────────────────────────────────────────╯
[2026-09-23 18:18:49] Lauf beendet (Exit 1, 1898s) - Kommentare: 23 -> 24 (+1)
[2026-09-23 18:23:55] kein Lauf - wird fortgesetzt (--neu in 23 Min)
Lauf 16 wird fortgesetzt
╭───────────────────────────────── Automatik ──────────────────────────────────╮
│ Automatik NICHT vollstaendig abgeschlossen                                   │
│                                                                              │
│ Kampagnen:  0 / 1                                                            │
│ Gruppen:    1 / 17                                                           │
│ Beitraege:  3 / 17                                                           │
│ Kommentare: 24 / 170                                                         │
│                                                                              │
│ Heute nicht mehr moeglich:                                                   │
│   post: abgeschaltet (pro_tag 0)                                             │
│                                                                              │
│ 16 Gruppe(n) nach einem Fehlschlag beiseitegelegt. Der Lauf ist deswegen     │
│ nicht abgebrochen; der naechste faengt mit ihnen wieder an.                  │
╰──────────────────────────────────────────────────────────────────────────────╯
[2026-09-23 18:23:58] Lauf beendet (Exit 1, 3s) - Kommentare: 24 -> 24 (+0)
[2026-09-23 18:23:58]   -> Runde erschoepft, bis zum naechsten --neu wird nicht mehr gestartet
[2026-09-23 18:28:58] Runde durch - warte auf --neu (in 18 Min)
[2026-09-23 18:33:59] Runde durch - warte auf --neu (in 13 Min)
[2026-09-23 18:38:59] Runde durch - warte auf --neu (in 8 Min)
[2026-09-23 18:44:05] Runde durch - warte auf --neu (in 3 Min)
[2026-09-23 18:49:05] Stunde um - frische Liste mit --neu
Neuer Lauf 17
Batreeq Syrian Germany - Neubewertung
  17 Gruppen bewertet, 0 mit geaendertem Score
Araber in Berlin Gruppe | العرب في برلين - Kommentar 3/10 (Fassung 3)
Navigating to https://www.facebook.com/groups/arabinberlin to fetch posts...
Found 7 post(s) in 5 round(s); articles last seen: 12.
  [Versuch 1/3] direct_app_recommendation: versand/fragt/gegenstand (بعت), Bezug
belegt
  Vorlage ar/anlaesse/gegenstand/unshur (tracking_link)
Navigating to post 
https://www.facebook.com/groups/arabinberlin/posts/1682350506750656/...
Looking for the comment box...
Could not find the comment box. Are comments allowed on this post? (Textfelder: 
0)
  [Ergebnis] technisch fehlgeschlagen: Kommentarfeld nicht gefunden [Aktion] 
naechster Beitrag
  fehlgeschlagen: Kommentarfeld nicht gefunden (1 Beitraege versucht)
  Araber in Berlin Gruppe | العرب في برلين: in diesem Lauf uebersprungen
Takt: noch 9 Min
Arabische Studierende in Berlin-الطلاب العرب في برلين - Kommentar 2/10 (Fassung 
2)
Navigating to https://www.facebook.com/groups/arab.in.deutschland to fetch 
posts...
Found 5 post(s) in 5 round(s); articles last seen: 7.
  kein Anlass: kein passender Beitrag (kein Bezug zum Angebot (sonstiges))
  Arabische Studierende in Berlin-الطلاب العرب في برلين: in diesem Lauf 
uebersprungen
سوريين في برلين/إستشارات/ فرص عمل / بيوت للإيجار - Kommentar 3/10 (Fassung 3)
Navigating to https://www.facebook.com/groups/1477938102509363 to fetch posts...
Found 9 post(s) in 5 round(s); articles last seen: 18.
  [Versuch 1/3] direct_app_recommendation: versand/sucht/gegenstand (بعت, يبعت, 
بعتلي), Bezug belegt
  Vorlage ar/anlaesse/gegenstand/unshur (tracking_link)
Navigating to post 
https://www.facebook.com/groups/1477938102509363/posts/4047856632184151/...
Looking for the comment box...
Kommentarfeld gefunden (letztes Feld).
Typing comment (pasting/inserting directly)...
Submitting comment (pressing Enter)...
Comment submitted successfully!
  veroeffentlicht
Takt: noch 7 Min
سوريين في برلين/إستشارات/ فرص عمل / بيوت للإيجار - Kommentar 4/10 (Fassung 4)
Navigating to https://www.facebook.com/groups/1477938102509363 to fetch posts...
Found 9 post(s) in 5 round(s); articles last seen: 18.
  kein Anlass: kein passender Beitrag (kein Bezug zum Angebot (kauf_verkauf), 
kein Bezug zum Angebot (sonstiges))
  سوريين في برلين/إستشارات/ فرص عمل / بيوت للإيجار: in diesem Lauf uebersprungen
سوق العرب في برلين Arabischer Flohmarkt in Berlin - Kommentar 1/10 (Fassung 1)
Navigating to https://www.facebook.com/groups/266394850499868 to fetch posts...
Found 6 post(s) in 5 round(s); articles last seen: 8.
  kein Anlass: kein passender Beitrag (kein Bezug zum Angebot (empfehlung), kein
Bezug zum Angebot (kauf_verkauf))
  سوق العرب في برلين Arabischer Flohmarkt in Berlin: in diesem Lauf 
uebersprungen
برلين ألمانيا فرص العمل في ألمانيا( 12) - Kommentar 3/10 (Fassung 3)
Navigating to https://www.facebook.com/groups/460113895124111 to fetch posts...
Found 6 post(s) in 5 round(s); articles last seen: 8.
  kein Anlass: kein passender Beitrag (kein Bezug zum Angebot (sonstiges), kein 
lesbarer Text)
  برلين ألمانيا فرص العمل في ألمانيا( 12): in diesem Lauf uebersprungen
ســفارة الجمهوريـة العربيـة السوريـة-برليــن - Kommentar 1/10 (Fassung 1)
Navigating to https://www.facebook.com/groups/998502627289006 to fetch posts...
Error parsing article: Locator.get_attribute: Timeout 30000ms exceeded.
Call log:
  - waiting for locator("div").nth(14).locator("a").first

Found 9 post(s) in 5 round(s); articles last seen: 16.
  kein Anlass: kein passender Beitrag (kein Bezug zum Angebot (behoerde), kein 
Bezug zum Angebot (job))
  ســفارة الجمهوريـة العربيـة السوريـة-برليــن: in diesem Lauf uebersprungen
سوريون مقيمين في برلين - Kommentar 1/10 (Fassung 1)
Navigating to https://www.facebook.com/groups/1060505847347081 to fetch posts...
Found 7 post(s) in 5 round(s); articles last seen: 10.
  kein Anlass: kein passender Beitrag (kein Bezug zum Angebot (kauf_verkauf), 
kein Bezug zum Angebot (sonstiges))
  سوريون مقيمين في برلين: in diesem Lauf uebersprungen
عرب برلين Arab Berlin - Kommentar 1/10 (Fassung 1)
Navigating to https://www.facebook.com/groups/araberlin to fetch posts...
Found 5 post(s) in 5 round(s); articles last seen: 10.
  [Versuch 1/3] direct_app_recommendation: versand/bietet/bietet_mitnahme (شحن, 
بعت), Bezug belegt
  Vorlage ar/anlaesse/bietet_mitnahme/talabat (tracking_link)
Navigating to post 
https://www.facebook.com/groups/araberlin/posts/28343364175318959/...
Looking for the comment box...
Kommentarfeld gefunden (beschriftet).
Typing comment (pasting/inserting directly)...
Submitting comment (pressing Enter)...
Comment submitted successfully!
  veroeffentlicht
Takt: noch 12 Min
عرب برلين Arab Berlin - Kommentar 2/10 (Fassung 2)
Navigating to https://www.facebook.com/groups/araberlin to fetch posts...
Found 7 post(s) in 5 round(s); articles last seen: 9.
  kein Anlass: kein passender Beitrag (kein Bezug zum Angebot (empfehlung), kein
Bezug zum Angebot (sonstiges))
  عرب برلين Arab Berlin: in diesem Lauf uebersprungen
السوريين في برلين - Kommentar 10/10 (Fassung 10)
Navigating to https://www.facebook.com/groups/888294561239687 to fetch posts...
Found 7 post(s) in 5 round(s); articles last seen: 15.
  kein Anlass: kein passender Beitrag (kein Bezug zum Angebot (sonstiges), kein 
Bezug zum Angebot (wohnung))
  السوريين في برلين: in diesem Lauf uebersprungen
السوريين في برلين Syrer in Berlin - Kommentar 2/10 (Fassung 2)
Navigating to https://www.facebook.com/groups/828811960577355 to fetch posts...
Found 9 post(s) in 5 round(s); articles last seen: 19.
  kein Anlass: kein passender Beitrag (kein Bezug zum Angebot (behoerde), kein 
Bezug zum Angebot (dienstleistung))
  السوريين في برلين Syrer in Berlin: in diesem Lauf uebersprungen
السوريين في برلين Syrians in Berlin - Kommentar 2/10 (Fassung 2)
Navigating to https://www.facebook.com/groups/668139805288848 to fetch posts...
Found 7 post(s) in 5 round(s); articles last seen: 11.
  kein Anlass: kein passender Beitrag (kein Bezug zum Angebot (dienstleistung), 
kein Bezug zum Angebot (kauf_verkauf))
  السوريين في برلين Syrians in Berlin: in diesem Lauf uebersprungen
سورين في برلين Syrer in berlin - Kommentar 2/10 (Fassung 2)
Navigating to https://www.facebook.com/groups/1763513853863066 to fetch posts...
Found 7 post(s) in 5 round(s); articles last seen: 10.
  kein Anlass: kein passender Beitrag (kein Bezug zum Angebot (job), kein Bezug 
zum Angebot (kauf_verkauf))
  سورين في برلين Syrer in berlin: in diesem Lauf uebersprungen
سوريين في المانيا 🇩🇪 برلين بوتسدام ⭐ Syrians in Potsdam - Kommentar 4/10 
(Fassung 4)
Navigating to https://www.facebook.com/groups/1033281186737137 to fetch posts...
Found 6 post(s) in 5 round(s); articles last seen: 8.
  [Versuch 1/3] private_contact_suggestion: reise/fragt (تذكرة)
  kein Anlass: kein vorbereiteter Text fuer keiner
  سوريين في المانيا 🇩🇪 برلين بوتسدام ⭐ Syrians in Potsdam: in diesem Lauf 
uebersprungen
سوريين في برلين المانيا Syrer in Berlin 🇸🇾🇩🇪 - Kommentar 1/10 (Fassung 1)
Navigating to https://www.facebook.com/groups/860952507320595 to fetch posts...
Keine Artikel im Aufbau gefunden - es wird trotzdem gesucht.
Found 0 post(s) in 5 round(s); articles last seen: 0.
  fehlgeschlagen: keine Beitraege zum Kommentieren gefunden
  سوريين في برلين المانيا Syrer in Berlin 🇸🇾🇩🇪: in diesem Lauf uebersprungen
Takt: noch 10 Min
شارع العرب في برلين - Kommentar 2/10 (Fassung 2)
Navigating to https://www.facebook.com/groups/266728025104178 to fetch posts...
Found 8 post(s) in 5 round(s); articles last seen: 12.
  kein Anlass: kein passender Beitrag (kein Bezug zum Angebot (behoerde), kein 
Bezug zum Angebot (dienstleistung))
  شارع العرب في برلين: in diesem Lauf uebersprungen
عرب برلين المانيا بوتسدام - Kommentar 2/10 (Fassung 2)
Navigating to https://www.facebook.com/groups/1624197331206590 to fetch posts...
Found 6 post(s) in 5 round(s); articles last seen: 12.
  kein Anlass: kein passender Beitrag (kein Bezug zum Angebot (kauf_verkauf), 
kein Bezug zum Angebot (sonstiges))
  عرب برلين المانيا بوتسدام: in diesem Lauf uebersprungen
╭───────────────────────────────── Automatik ──────────────────────────────────╮
│ Automatik NICHT vollstaendig abgeschlossen                                   │
│                                                                              │
│ Kampagnen:  0 / 1                                                            │
│ Gruppen:    1 / 17                                                           │
│ Beitraege:  3 / 17                                                           │
│ Kommentare: 26 / 170                                                         │
│                                                                              │
│ Heute nicht mehr moeglich:                                                   │
│   post: abgeschaltet (pro_tag 0)                                             │
│                                                                              │
│ 16 Gruppe(n) nach einem Fehlschlag beiseitegelegt. Der Lauf ist deswegen     │
│ nicht abgebrochen; der naechste faengt mit ihnen wieder an.                  │
╰──────────────────────────────────────────────────────────────────────────────╯
[2026-09-23 19:37:55] Lauf beendet (Exit 1, 2930s) - Kommentare: 24 -> 26 (+2)
[2026-09-23 21:07:07] === Nachtlauf gestartet (PID 823144) ===
[2026-09-23 21:07:07] Stunde um - frische Liste mit --neu
Neuer Lauf 18
Batreeq Syrian Germany - Neubewertung
  17 Gruppen bewertet, 0 mit geaendertem Score
Araber in Berlin Gruppe | العرب في برلين - Kommentar 3/10 (Fassung 3)
Navigating to https://www.facebook.com/groups/arabinberlin to fetch posts...
Found 10 post(s) in 5 round(s); articles last seen: 20.
  [Versuch 1/3] direct_app_recommendation: versand/fragt/gegenstand (بعت), Bezug
belegt
  Vorlage ar/anlaesse/gegenstand/unshur (tracking_link)
Navigating to post 
https://www.facebook.com/groups/arabinberlin/posts/1682350506750656/...
Looking for the comment box...
Could not find the comment box. Are comments allowed on this post? (Textfelder: 
0)
  [Ergebnis] technisch fehlgeschlagen: Kommentarfeld nicht gefunden [Aktion] 
naechster Beitrag
  fehlgeschlagen: Kommentarfeld nicht gefunden (1 Beitraege versucht)
  Araber in Berlin Gruppe | العرب في برلين: in diesem Lauf uebersprungen
Takt: noch 9 Min
Arabische Studierende in Berlin-الطلاب العرب في برلين - Kommentar 2/10 (Fassung 
2)
Navigating to https://www.facebook.com/groups/arab.in.deutschland to fetch 
posts...
Found 7 post(s) in 5 round(s); articles last seen: 12.
  kein Anlass: kein passender Beitrag (kein Bezug zum Angebot (sonstiges))
  Arabische Studierende in Berlin-الطلاب العرب في برلين: in diesem Lauf 
uebersprungen
سوريين في برلين/إستشارات/ فرص عمل / بيوت للإيجار - Kommentar 4/10 (Fassung 4)
Navigating to https://www.facebook.com/groups/1477938102509363 to fetch posts...
Found 9 post(s) in 5 round(s); articles last seen: 17.
  kein Anlass: kein passender Beitrag (kein Bezug zum Angebot (behoerde), kein 
Bezug zum Angebot (hilfe))
  سوريين في برلين/إستشارات/ فرص عمل / بيوت للإيجار: in diesem Lauf uebersprungen
سوق العرب في برلين Arabischer Flohmarkt in Berlin - Kommentar 1/10 (Fassung 1)
Navigating to https://www.facebook.com/groups/266394850499868 to fetch posts...
Found 7 post(s) in 5 round(s); articles last seen: 11.
  [Versuch 1/3] direct_app_recommendation: versand/fragt/gegenstand (شحن), Bezug
belegt
  Vorlage ar/anlaesse/gegenstand/unshur (tracking_link)
Navigating to post 
https://www.facebook.com/groups/266394850499868/posts/2645575325915130/...
Looking for the comment box...
Kommentarfeld gefunden (beschriftet).
Typing comment (pasting/inserting directly)...
Submitting comment (pressing Enter)...
Comment submitted successfully!
  veroeffentlicht
Takt: noch 12 Min
سوق العرب في برلين Arabischer Flohmarkt in Berlin - Kommentar 2/10 (Fassung 2)
Navigating to https://www.facebook.com/groups/266394850499868 to fetch posts...
Found 6 post(s) in 5 round(s); articles last seen: 11.
  kein Anlass: kein passender Beitrag (kein Bezug zum Angebot (empfehlung), kein
Bezug zum Angebot (sonstiges))
  سوق العرب في برلين Arabischer Flohmarkt in Berlin: in diesem Lauf 
uebersprungen
برلين ألمانيا فرص العمل في ألمانيا( 12) - Kommentar 3/10 (Fassung 3)
Navigating to https://www.facebook.com/groups/460113895124111 to fetch posts...
Found 6 post(s) in 5 round(s); articles last seen: 11.
  kein Anlass: kein passender Beitrag (kein Bezug zum Angebot (job), kein Bezug 
zum Angebot (sonstiges))
  برلين ألمانيا فرص العمل في ألمانيا( 12): in diesem Lauf uebersprungen
ســفارة الجمهوريـة العربيـة السوريـة-برليــن - Kommentar 1/10 (Fassung 1)
Navigating to https://www.facebook.com/groups/998502627289006 to fetch posts...
Found 9 post(s) in 5 round(s); articles last seen: 19.
  kein Anlass: kein passender Beitrag (kein Bezug zum Angebot (behoerde), kein 
Bezug zum Angebot (job))
  ســفارة الجمهوريـة العربيـة السوريـة-برليــن: in diesem Lauf uebersprungen
سوريون مقيمين في برلين - Kommentar 1/10 (Fassung 1)
Navigating to https://www.facebook.com/groups/1060505847347081 to fetch posts...
Found 6 post(s) in 5 round(s); articles last seen: 10.
  kein Anlass: kein passender Beitrag (kein Bezug zum Angebot (kauf_verkauf), 
kein Bezug zum Angebot (sonstiges))
  سوريون مقيمين في برلين: in diesem Lauf uebersprungen
عرب برلين Arab Berlin - Kommentar 2/10 (Fassung 2)
Navigating to https://www.facebook.com/groups/araberlin to fetch posts...
Found 6 post(s) in 5 round(s); articles last seen: 14.
  [Versuch 1/3] direct_app_recommendation: versand/fragt/gegenstand (شحن, 
توصيل), Bezug belegt
  Vorlage ar/anlaesse/gegenstand/unshur (tracking_link)
Navigating to post 
https://www.facebook.com/groups/araberlin/posts/28345258395129537/...
Looking for the comment box...
Kommentarfeld gefunden (beschriftet).
Typing comment (pasting/inserting directly)...
Submitting comment (pressing Enter)...
Comment submitted successfully!
  veroeffentlicht
Takt: noch 10 Min
عرب برلين Arab Berlin - Kommentar 3/10 (Fassung 3)
Navigating to https://www.facebook.com/groups/araberlin to fetch posts...
Found 6 post(s) in 5 round(s); articles last seen: 14.
  [Versuch 1/3] direct_app_recommendation: versand/bietet/bietet_mitnahme (بعت),
Bezug belegt
  Vorlage ar/anlaesse/bietet_mitnahme/talabat (tracking_link)
Navigating to post 
https://www.facebook.com/groups/araberlin/posts/28345519648436745/...
Looking for the comment box...
Kommentarfeld gefunden (beschriftet).
Typing comment (pasting/inserting directly)...
Submitting comment (pressing Enter)...
Comment submitted successfully!
  veroeffentlicht
Takt: noch 7 Min
عرب برلين Arab Berlin - Kommentar 4/10 (Fassung 4)
Navigating to https://www.facebook.com/groups/araberlin to fetch posts...
Found 6 post(s) in 5 round(s); articles last seen: 14.
  [Versuch 1/3] direct_app_recommendation: versand/fragt/gegenstand (شحن), Bezug
belegt
  Vorlage ar/anlaesse/gegenstand/sagheer (tracking_link)
Navigating to post 
https://www.facebook.com/groups/araberlin/posts/28345056248483085/...
Looking for the comment box...
Kommentarfeld gefunden (beschriftet).
Typing comment (pasting/inserting directly)...
Submitting comment (pressing Enter)...
Comment submitted successfully!
  veroeffentlicht
Takt: noch 7 Min
عرب برلين Arab Berlin - Kommentar 5/10 (Fassung 5)
Navigating to https://www.facebook.com/groups/araberlin to fetch posts...
Found 6 post(s) in 5 round(s); articles last seen: 14.
  kein Anlass: kein passender Beitrag (kein Bezug zum Angebot (reise), kein 
Bezug zum Angebot (sonstiges))
  عرب برلين Arab Berlin: in diesem Lauf uebersprungen
السوريين في برلين - Kommentar 10/10 (Fassung 10)
Navigating to https://www.facebook.com/groups/888294561239687 to fetch posts...
Found 8 post(s) in 5 round(s); articles last seen: 15.
  [Versuch 1/3] direct_app_recommendation: versand/fragt/gegenstand (امانة, 
أمانة), Bezug belegt
  Vorlage ar/anlaesse/gegenstand/sagheer (tracking_link)
Navigating to post 
https://www.facebook.com/groups/888294561239687/posts/28216359631339811/...
Looking for the comment box...
Kommentarfeld gefunden (beschriftet).
Typing comment (pasting/inserting directly)...
Submitting comment (pressing Enter)...
Comment submitted successfully!
  veroeffentlicht
Takt: noch 10 Min
السوريين في برلين Syrer in Berlin - Kommentar 2/10 (Fassung 2)
Navigating to https://www.facebook.com/groups/828811960577355 to fetch posts...
Found 8 post(s) in 5 round(s); articles last seen: 21.
  kein Anlass: kein passender Beitrag (kein Bezug zum Angebot (behoerde), kein 
Bezug zum Angebot (empfehlung))
  السوريين في برلين Syrer in Berlin: in diesem Lauf uebersprungen
السوريين في برلين Syrians in Berlin - Kommentar 2/10 (Fassung 2)
Navigating to https://www.facebook.com/groups/668139805288848 to fetch posts...
Found 6 post(s) in 5 round(s); articles last seen: 14.
  kein Anlass: kein passender Beitrag (kein Bezug zum Angebot (dienstleistung), 
kein Bezug zum Angebot (kauf_verkauf))
  السوريين في برلين Syrians in Berlin: in diesem Lauf uebersprungen
سورين في برلين Syrer in berlin - Kommentar 2/10 (Fassung 2)
Navigating to https://www.facebook.com/groups/1763513853863066 to fetch posts...
Found 6 post(s) in 5 round(s); articles last seen: 13.
  kein Anlass: kein passender Beitrag (kein Bezug zum Angebot (job), kein Bezug 
zum Angebot (kauf_verkauf))
  سورين في برلين Syrer in berlin: in diesem Lauf uebersprungen
سوريين في المانيا 🇩🇪 برلين بوتسدام ⭐ Syrians in Potsdam - Kommentar 4/10 
(Fassung 4)
Navigating to https://www.facebook.com/groups/1033281186737137 to fetch posts...
Found 6 post(s) in 5 round(s); articles last seen: 12.
  kein Anlass: kein passender Beitrag (kein Bezug zum Angebot (sonstiges), kein 
Bezug zum Angebot (wohnung))
  سوريين في المانيا 🇩🇪 برلين بوتسدام ⭐ Syrians in Potsdam: in diesem Lauf 
uebersprungen
سوريين في برلين المانيا Syrer in Berlin 🇸🇾🇩🇪 - Kommentar 1/10 (Fassung 1)
Navigating to https://www.facebook.com/groups/860952507320595 to fetch posts...
Keine Artikel im Aufbau gefunden - es wird trotzdem gesucht.
Found 0 post(s) in 5 round(s); articles last seen: 0.
  fehlgeschlagen: keine Beitraege zum Kommentieren gefunden
  سوريين في برلين المانيا Syrer in Berlin 🇸🇾🇩🇪: in diesem Lauf uebersprungen
Takt: noch 12 Min
شارع العرب في برلين - Kommentar 2/10 (Fassung 2)
Navigating to https://www.facebook.com/groups/266728025104178 to fetch posts...
Found 8 post(s) in 5 round(s); articles last seen: 12.
  kein Anlass: kein passender Beitrag (kein Bezug zum Angebot (behoerde), kein 
Bezug zum Angebot (dienstleistung))
  شارع العرب في برلين: in diesem Lauf uebersprungen
عرب برلين المانيا بوتسدام - Kommentar 2/10 (Fassung 2)
Navigating to https://www.facebook.com/groups/1624197331206590 to fetch posts...
Found 6 post(s) in 5 round(s); articles last seen: 12.
  kein Anlass: kein passender Beitrag (kein Bezug zum Angebot (kauf_verkauf), 
kein Bezug zum Angebot (sonstiges))
  عرب برلين المانيا بوتسدام: in diesem Lauf uebersprungen
╭───────────────────────────────── Automatik ──────────────────────────────────╮
│ Automatik NICHT vollstaendig abgeschlossen                                   │
│                                                                              │
│ Kampagnen:  0 / 1                                                            │
│ Gruppen:    1 / 17                                                           │
│ Beitraege:  3 / 17                                                           │
│ Kommentare: 31 / 170                                                         │
│                                                                              │
│ Offen bei: Batreeq Syrian Germany / السوريين في برلين (heute kein Kommentar  │
│ mehr (Tagesmenge je Gruppe))                                                 │
│                                                                              │
│ Heute nicht mehr moeglich:                                                   │
│   post: abgeschaltet (pro_tag 0)                                             │
│                                                                              │
│ 1 Gruppe(n) hatten heute schon ihren Kommentar                               │
│ (limits.comments.je_gruppe_taeglich: 1). Das ist kein Urteil - morgen sind   │
│ sie unveraendert offen.                                                      │
│ Mehr Kommentare am Tag gibt es nur ueber mehr Gruppen (campaign sync) oder   │
│ eine hoehere Zahl je Gruppe.                                                 │
│                                                                              │
│ 15 Gruppe(n) nach einem Fehlschlag beiseitegelegt. Der Lauf ist deswegen     │
│ nicht abgebrochen; der naechste faengt mit ihnen wieder an.                  │
╰──────────────────────────────────────────────────────────────────────────────╯
[2026-09-23 22:29:32] Lauf beendet (Exit 1, 4945s) - Kommentare: 26 -> 31 (+5)
[2026-09-23 22:34:33] Stunde um - frische Liste mit --neu
Neuer Lauf 19
Batreeq Syrian Germany - Neubewertung
  17 Gruppen bewertet, 0 mit geaendertem Score
Araber in Berlin Gruppe | العرب في برلين - Kommentar 3/10 (Fassung 3)
Navigating to https://www.facebook.com/groups/arabinberlin to fetch posts...
Found 10 post(s) in 5 round(s); articles last seen: 20.
  [Versuch 1/3] direct_app_recommendation: versand/fragt/gegenstand (بعت), Bezug
belegt
  Vorlage ar/anlaesse/gegenstand/unshur (tracking_link)
Navigating to post 
https://www.facebook.com/groups/arabinberlin/posts/1682350506750656/...
Looking for the comment box...
Could not find the comment box. Are comments allowed on this post? (Textfelder: 
0)
  [Ergebnis] technisch fehlgeschlagen: Kommentarfeld nicht gefunden [Aktion] 
naechster Beitrag
  fehlgeschlagen: Kommentarfeld nicht gefunden (1 Beitraege versucht)
  Araber in Berlin Gruppe | العرب في برلين: in diesem Lauf uebersprungen
Takt: noch 10 Min
Arabische Studierende in Berlin-الطلاب العرب في برلين - Kommentar 2/10 (Fassung 
2)
Navigating to https://www.facebook.com/groups/arab.in.deutschland to fetch 
posts...
Found 7 post(s) in 5 round(s); articles last seen: 12.
  kein Anlass: kein passender Beitrag (kein Bezug zum Angebot (sonstiges))
  Arabische Studierende in Berlin-الطلاب العرب في برلين: in diesem Lauf 
uebersprungen
سوريين في برلين/إستشارات/ فرص عمل / بيوت للإيجار - Kommentar 4/10 (Fassung 4)
Navigating to https://www.facebook.com/groups/1477938102509363 to fetch posts...
Found 6 post(s) in 5 round(s); articles last seen: 17.
  kein Anlass: kein passender Beitrag (kein Bezug zum Angebot (kauf_verkauf), 
kein Bezug zum Angebot (sonstiges))
  سوريين في برلين/إستشارات/ فرص عمل / بيوت للإيجار: in diesem Lauf uebersprungen
سوق العرب في برلين Arabischer Flohmarkt in Berlin - Kommentar 2/10 (Fassung 2)
Navigating to https://www.facebook.com/groups/266394850499868 to fetch posts...
Found 6 post(s) in 5 round(s); articles last seen: 12.
  kein Anlass: kein passender Beitrag (kein Bezug zum Angebot (kauf_verkauf), 
kein Bezug zum Angebot (sonstiges))
  سوق العرب في برلين Arabischer Flohmarkt in Berlin: in diesem Lauf 
uebersprungen
برلين ألمانيا فرص العمل في ألمانيا( 12) - Kommentar 3/10 (Fassung 3)
Navigating to https://www.facebook.com/groups/460113895124111 to fetch posts...
Found 6 post(s) in 5 round(s); articles last seen: 10.
  [Versuch 1/3] direct_app_recommendation: versand/fragt/gegenstand (شحن), Bezug
belegt
  Vorlage ar/anlaesse/gegenstand/sagheer (tracking_link)
Navigating to post 
https://www.facebook.com/groups/460113895124111/posts/1809049236897230/...
Looking for the comment box...
Kommentarfeld gefunden (beschriftet).
Typing comment (pasting/inserting directly)...
Submitting comment (pressing Enter)...
Comment submitted successfully!
  veroeffentlicht
Takt: noch 11 Min
برلين ألمانيا فرص العمل في ألمانيا( 12) - Kommentar 4/10 (Fassung 4)
Navigating to https://www.facebook.com/groups/460113895124111 to fetch posts...
Found 6 post(s) in 5 round(s); articles last seen: 10.
  [Versuch 1/3] direct_app_recommendation: versand/fragt/gegenstand (شحن), Bezug
belegt
  Vorlage ar/anlaesse/gegenstand/unshur (tracking_link)
Navigating to post 
https://www.facebook.com/groups/460113895124111/posts/1809020180233469/...
Looking for the comment box...
Kommentarfeld gefunden (beschriftet).
Typing comment (pasting/inserting directly)...
Submitting comment (pressing Enter)...
Comment submitted successfully!
  veroeffentlicht
Takt: noch 12 Min
برلين ألمانيا فرص العمل في ألمانيا( 12) - Kommentar 5/10 (Fassung 5)
Navigating to https://www.facebook.com/groups/460113895124111 to fetch posts...
Found 6 post(s) in 5 round(s); articles last seen: 12.
  kein Anlass: kein passender Beitrag (kein Bezug zum Angebot (sonstiges))
  برلين ألمانيا فرص العمل في ألمانيا( 12): in diesem Lauf uebersprungen
ســفارة الجمهوريـة العربيـة السوريـة-برليــن - Kommentar 1/10 (Fassung 1)
Navigating to https://www.facebook.com/groups/998502627289006 to fetch posts...
Found 9 post(s) in 5 round(s); articles last seen: 19.
  kein Anlass: kein passender Beitrag (kein Bezug zum Angebot (behoerde), kein 
Bezug zum Angebot (job))
  ســفارة الجمهوريـة العربيـة السوريـة-برليــن: in diesem Lauf uebersprungen
سوريون مقيمين في برلين - Kommentar 1/10 (Fassung 1)
Navigating to https://www.facebook.com/groups/1060505847347081 to fetch posts...
Found 6 post(s) in 5 round(s); articles last seen: 13.
  kein Anlass: kein passender Beitrag (kein Bezug zum Angebot (behoerde), kein 
Bezug zum Angebot (sonstiges))
  سوريون مقيمين في برلين: in diesem Lauf uebersprungen
عرب برلين Arab Berlin - Kommentar 5/10 (Fassung 5)
Navigating to https://www.facebook.com/groups/araberlin to fetch posts...
Found 6 post(s) in 5 round(s); articles last seen: 12.
  kein Anlass: kein passender Beitrag (kein Bezug zum Angebot (reise), kein 
Bezug zum Angebot (sonstiges))
  عرب برلين Arab Berlin: in diesem Lauf uebersprungen
السوريين في برلين Syrer in Berlin - Kommentar 2/10 (Fassung 2)
Navigating to https://www.facebook.com/groups/828811960577355 to fetch posts...
Found 8 post(s) in 5 round(s); articles last seen: 21.
  kein Anlass: kein passender Beitrag (kein Bezug zum Angebot (behoerde), kein 
Bezug zum Angebot (empfehlung))
  السوريين في برلين Syrer in Berlin: in diesem Lauf uebersprungen
السوريين في برلين Syrians in Berlin - Kommentar 2/10 (Fassung 2)
Navigating to https://www.facebook.com/groups/668139805288848 to fetch posts...
Found 6 post(s) in 5 round(s); articles last seen: 14.
  kein Anlass: kein passender Beitrag (kein Bezug zum Angebot (dienstleistung), 
kein Bezug zum Angebot (kauf_verkauf))
  السوريين في برلين Syrians in Berlin: in diesem Lauf uebersprungen
سورين في برلين Syrer in berlin - Kommentar 2/10 (Fassung 2)
Navigating to https://www.facebook.com/groups/1763513853863066 to fetch posts...
Found 6 post(s) in 5 round(s); articles last seen: 12.
  kein Anlass: kein passender Beitrag (kein Bezug zum Angebot (job), kein Bezug 
zum Angebot (kauf_verkauf))
  سورين في برلين Syrer in berlin: in diesem Lauf uebersprungen
سوريين في المانيا 🇩🇪 برلين بوتسدام ⭐ Syrians in Potsdam - Kommentar 4/10 
(Fassung 4)
Navigating to https://www.facebook.com/groups/1033281186737137 to fetch posts...
Found 7 post(s) in 5 round(s); articles last seen: 13.
  kein Anlass: kein passender Beitrag (kein Bezug zum Angebot (sonstiges), kein 
Bezug zum Angebot (wohnung))
  سوريين في المانيا 🇩🇪 برلين بوتسدام ⭐ Syrians in Potsdam: in diesem Lauf 
uebersprungen
سوريين في برلين المانيا Syrer in Berlin 🇸🇾🇩🇪 - Kommentar 1/10 (Fassung 1)
Navigating to https://www.facebook.com/groups/860952507320595 to fetch posts...
Keine Artikel im Aufbau gefunden - es wird trotzdem gesucht.
Found 0 post(s) in 5 round(s); articles last seen: 0.
  fehlgeschlagen: keine Beitraege zum Kommentieren gefunden
  سوريين في برلين المانيا Syrer in Berlin 🇸🇾🇩🇪: in diesem Lauf uebersprungen
Takt: noch 12 Min
شارع العرب في برلين - Kommentar 2/10 (Fassung 2)
Navigating to https://www.facebook.com/groups/266728025104178 to fetch posts...
Found 8 post(s) in 5 round(s); articles last seen: 12.
  kein Anlass: kein passender Beitrag (kein Bezug zum Angebot (behoerde), kein 
Bezug zum Angebot (dienstleistung))
  شارع العرب في برلين: in diesem Lauf uebersprungen
عرب برلين المانيا بوتسدام - Kommentar 2/10 (Fassung 2)
Navigating to https://www.facebook.com/groups/1624197331206590 to fetch posts...
Found 6 post(s) in 5 round(s); articles last seen: 12.
  kein Anlass: kein passender Beitrag (kein Bezug zum Angebot (kauf_verkauf), 
kein Bezug zum Angebot (sonstiges))
  عرب برلين المانيا بوتسدام: in diesem Lauf uebersprungen
╭───────────────────────────────── Automatik ──────────────────────────────────╮
│ Automatik NICHT vollstaendig abgeschlossen                                   │
│                                                                              │
│ Kampagnen:  0 / 1                                                            │
│ Gruppen:    1 / 17                                                           │
│ Beitraege:  3 / 17                                                           │
│ Kommentare: 33 / 170                                                         │
│                                                                              │
│ Offen bei: Batreeq Syrian Germany / السوريين في برلين (heute kein Kommentar  │
│ mehr (Tagesmenge je Gruppe))                                                 │
│                                                                              │
│ Heute nicht mehr moeglich:                                                   │
│   post: abgeschaltet (pro_tag 0)                                             │
│                                                                              │
│ 1 Gruppe(n) hatten heute schon ihren Kommentar                               │
│ (limits.comments.je_gruppe_taeglich: 1). Das ist kein Urteil - morgen sind   │
│ sie unveraendert offen.                                                      │
│ Mehr Kommentare am Tag gibt es nur ueber mehr Gruppen (campaign sync) oder   │
│ eine hoehere Zahl je Gruppe.                                                 │
│                                                                              │
│ 15 Gruppe(n) nach einem Fehlschlag beiseitegelegt. Der Lauf ist deswegen     │
│ nicht abgebrochen; der naechste faengt mit ihnen wieder an.                  │
╰──────────────────────────────────────────────────────────────────────────────╯
[2026-09-23 23:29:39] Lauf beendet (Exit 1, 3306s) - Kommentare: 31 -> 33 (+2)
[2026-09-23 23:34:39] Stunde um - frische Liste mit --neu
Neuer Lauf 20
Batreeq Syrian Germany - Neubewertung
  17 Gruppen bewertet, 0 mit geaendertem Score
Araber in Berlin Gruppe | العرب في برلين - Kommentar 3/10 (Fassung 3)
Navigating to https://www.facebook.com/groups/arabinberlin to fetch posts...
Found 10 post(s) in 5 round(s); articles last seen: 20.
  [Versuch 1/3] direct_app_recommendation: versand/fragt/gegenstand (بعت), Bezug
belegt
  Vorlage ar/anlaesse/gegenstand/unshur (tracking_link)
Navigating to post 
https://www.facebook.com/groups/arabinberlin/posts/1682350506750656/...
Looking for the comment box...
Could not find the comment box. Are comments allowed on this post? (Textfelder: 
0)
  [Ergebnis] technisch fehlgeschlagen: Kommentarfeld nicht gefunden [Aktion] 
naechster Beitrag
  fehlgeschlagen: Kommentarfeld nicht gefunden (1 Beitraege versucht)
  Araber in Berlin Gruppe | العرب في برلين: in diesem Lauf uebersprungen
Takt: noch 10 Min
Arabische Studierende in Berlin-الطلاب العرب في برلين - Kommentar 2/10 (Fassung 
2)
Navigating to https://www.facebook.com/groups/arab.in.deutschland to fetch 
posts...
Found 7 post(s) in 5 round(s); articles last seen: 12.
  kein Anlass: kein passender Beitrag (kein Bezug zum Angebot (sonstiges))
  Arabische Studierende in Berlin-الطلاب العرب في برلين: in diesem Lauf 
uebersprungen
سوريين في برلين/إستشارات/ فرص عمل / بيوت للإيجار - Kommentar 4/10 (Fassung 4)
Navigating to https://www.facebook.com/groups/1477938102509363 to fetch posts...
Found 7 post(s) in 5 round(s); articles last seen: 19.
  [Versuch 1/3] direct_app_recommendation: versand/sucht/gegenstand (بعت, 
بعتلي), Bezug belegt
  Vorlage ar/anlaesse/gegenstand/sagheer (tracking_link)
Navigating to post 
https://www.facebook.com/groups/1477938102509363/posts/4048077082162106/...
Looking for the comment box...
Kommentarfeld gefunden (letztes Feld).
Typing comment (pasting/inserting directly)...
Submitting comment (pressing Enter)...
Comment submitted successfully!
  veroeffentlicht
Takt: noch 11 Min
سوريين في برلين/إستشارات/ فرص عمل / بيوت للإيجار - Kommentar 5/10 (Fassung 5)
Navigating to https://www.facebook.com/groups/1477938102509363 to fetch posts...
Found 7 post(s) in 5 round(s); articles last seen: 19.
  kein Anlass: kein passender Beitrag (kein Bezug zum Angebot (job), kein Bezug 
zum Angebot (kauf_verkauf))
  سوريين في برلين/إستشارات/ فرص عمل / بيوت للإيجار: in diesem Lauf uebersprungen
سوق العرب في برلين Arabischer Flohmarkt in Berlin - Kommentar 2/10 (Fassung 2)
Navigating to https://www.facebook.com/groups/266394850499868 to fetch posts...
Found 7 post(s) in 5 round(s); articles last seen: 12.
  [Versuch 1/3] direct_app_recommendation: versand/fragt/geschenk (توصيل), Bezug
belegt
  Vorlage ar/anlaesse/geschenk/hadiye (tracking_link)
Navigating to post 
https://www.facebook.com/groups/266394850499868/posts/2645649782574351/...
Looking for the comment box...
Kommentarfeld gefunden (beschriftet).
Typing comment (pasting/inserting directly)...
Submitting comment (pressing Enter)...
Comment submitted successfully!
  veroeffentlicht
Takt: noch 12 Min
سوق العرب في برلين Arabischer Flohmarkt in Berlin - Kommentar 3/10 (Fassung 3)
Navigating to https://www.facebook.com/groups/266394850499868 to fetch posts...
Found 7 post(s) in 5 round(s); articles last seen: 12.
  kein Anlass: kein passender Beitrag (kein Bezug zum Angebot (kauf_verkauf), 
kein Bezug zum Angebot (sonstiges))
  سوق العرب في برلين Arabischer Flohmarkt in Berlin: in diesem Lauf 
uebersprungen
برلين ألمانيا فرص العمل في ألمانيا( 12) - Kommentar 5/10 (Fassung 5)
Navigating to https://www.facebook.com/groups/460113895124111 to fetch posts...
Found 6 post(s) in 5 round(s); articles last seen: 12.
  kein Anlass: kein passender Beitrag (kein Bezug zum Angebot (sonstiges))
  برلين ألمانيا فرص العمل في ألمانيا( 12): in diesem Lauf uebersprungen
ســفارة الجمهوريـة العربيـة السوريـة-برليــن - Kommentar 1/10 (Fassung 1)
Navigating to https://www.facebook.com/groups/998502627289006 to fetch posts...
Found 9 post(s) in 5 round(s); articles last seen: 19.
  kein Anlass: kein passender Beitrag (kein Bezug zum Angebot (behoerde), kein 
Bezug zum Angebot (job))
  ســفارة الجمهوريـة العربيـة السوريـة-برليــن: in diesem Lauf uebersprungen
سوريون مقيمين في برلين - Kommentar 1/10 (Fassung 1)
Navigating to https://www.facebook.com/groups/1060505847347081 to fetch posts...
Found 6 post(s) in 5 round(s); articles last seen: 13.
  kein Anlass: kein passender Beitrag (kein Bezug zum Angebot (behoerde), kein 
Bezug zum Angebot (sonstiges))
  سوريون مقيمين في برلين: in diesem Lauf uebersprungen
عرب برلين Arab Berlin - Kommentar 5/10 (Fassung 5)
Navigating to https://www.facebook.com/groups/araberlin to fetch posts...
Found 8 post(s) in 5 round(s); articles last seen: 12.
  kein Anlass: kein passender Beitrag (kein Bezug zum Angebot (dienstleistung), 
kein Bezug zum Angebot (reise))
  عرب برلين Arab Berlin: in diesem Lauf uebersprungen
السوريين في برلين Syrer in Berlin - Kommentar 2/10 (Fassung 2)
Navigating to https://www.facebook.com/groups/828811960577355 to fetch posts...
Found 8 post(s) in 5 round(s); articles last seen: 21.
  kein Anlass: kein passender Beitrag (kein Bezug zum Angebot (behoerde), kein 
Bezug zum Angebot (empfehlung))
  السوريين في برلين Syrer in Berlin: in diesem Lauf uebersprungen
السوريين في برلين Syrians in Berlin - Kommentar 2/10 (Fassung 2)
Navigating to https://www.facebook.com/groups/668139805288848 to fetch posts...
Found 6 post(s) in 5 round(s); articles last seen: 14.
  kein Anlass: kein passender Beitrag (kein Bezug zum Angebot (dienstleistung), 
kein Bezug zum Angebot (kauf_verkauf))
  السوريين في برلين Syrians in Berlin: in diesem Lauf uebersprungen
سورين في برلين Syrer in berlin - Kommentar 2/10 (Fassung 2)
Navigating to https://www.facebook.com/groups/1763513853863066 to fetch posts...
Found 6 post(s) in 5 round(s); articles last seen: 13.
  kein Anlass: kein passender Beitrag (kein Bezug zum Angebot (job), kein Bezug 
zum Angebot (kauf_verkauf))
  سورين في برلين Syrer in berlin: in diesem Lauf uebersprungen
سوريين في المانيا 🇩🇪 برلين بوتسدام ⭐ Syrians in Potsdam - Kommentar 4/10 
(Fassung 4)
Navigating to https://www.facebook.com/groups/1033281186737137 to fetch posts...
Found 7 post(s) in 5 round(s); articles last seen: 13.
  kein Anlass: kein passender Beitrag (kein Bezug zum Angebot (sonstiges), kein 
Bezug zum Angebot (wohnung))
  سوريين في المانيا 🇩🇪 برلين بوتسدام ⭐ Syrians in Potsdam: in diesem Lauf 
uebersprungen
سوريين في برلين المانيا Syrer in Berlin 🇸🇾🇩🇪 - Kommentar 1/10 (Fassung 1)
Navigating to https://www.facebook.com/groups/860952507320595 to fetch posts...
Keine Artikel im Aufbau gefunden - es wird trotzdem gesucht.
Found 0 post(s) in 5 round(s); articles last seen: 0.
  fehlgeschlagen: keine Beitraege zum Kommentieren gefunden
  سوريين في برلين المانيا Syrer in Berlin 🇸🇾🇩🇪: in diesem Lauf uebersprungen
Takt: noch 12 Min
شارع العرب في برلين - Kommentar 2/10 (Fassung 2)
Navigating to https://www.facebook.com/groups/266728025104178 to fetch posts...
Found 8 post(s) in 5 round(s); articles last seen: 12.
  kein Anlass: kein passender Beitrag (kein Bezug zum Angebot (behoerde), kein 
Bezug zum Angebot (dienstleistung))
  شارع العرب في برلين: in diesem Lauf uebersprungen
عرب برلين المانيا بوتسدام - Kommentar 2/10 (Fassung 2)
Navigating to https://www.facebook.com/groups/1624197331206590 to fetch posts...
Found 6 post(s) in 5 round(s); articles last seen: 12.
  kein Anlass: kein passender Beitrag (kein Bezug zum Angebot (kauf_verkauf), 
kein Bezug zum Angebot (sonstiges))
  عرب برلين المانيا بوتسدام: in diesem Lauf uebersprungen
╭───────────────────────────────── Automatik ──────────────────────────────────╮
│ Automatik NICHT vollstaendig abgeschlossen                                   │
│                                                                              │
│ Kampagnen:  0 / 1                                                            │
│ Gruppen:    1 / 17                                                           │
│ Beitraege:  3 / 17                                                           │
│ Kommentare: 35 / 170                                                         │
│                                                                              │
│ Offen bei: Batreeq Syrian Germany / السوريين في برلين (heute kein Kommentar  │
│ mehr (Tagesmenge je Gruppe))                                                 │
│                                                                              │
│ Heute nicht mehr moeglich:                                                   │
│   post: abgeschaltet (pro_tag 0)                                             │
│                                                                              │
│ 1 Gruppe(n) hatten heute schon ihren Kommentar                               │
│ (limits.comments.je_gruppe_taeglich: 1). Das ist kein Urteil - morgen sind   │
│ sie unveraendert offen.                                                      │
│ Mehr Kommentare am Tag gibt es nur ueber mehr Gruppen (campaign sync) oder   │
│ eine hoehere Zahl je Gruppe.                                                 │
│                                                                              │
│ 15 Gruppe(n) nach einem Fehlschlag beiseitegelegt. Der Lauf ist deswegen     │
│ nicht abgebrochen; der naechste faengt mit ihnen wieder an.                  │
╰──────────────────────────────────────────────────────────────────────────────╯
[2026-09-24 00:30:07] Lauf beendet (Exit 1, 3328s) - Kommentare: 33 -> 35 (+2)
[2026-09-24 00:35:07] Stunde um - frische Liste mit --neu
Neuer Lauf 21
Batreeq Syrian Germany - Neubewertung
  17 Gruppen bewertet, 0 mit geaendertem Score
Araber in Berlin Gruppe | العرب في برلين - Kommentar 3/10 (Fassung 3)
Navigating to https://www.facebook.com/groups/arabinberlin to fetch posts...
Found 11 post(s) in 5 round(s); articles last seen: 17.
  [Versuch 1/3] direct_app_recommendation: versand/fragt/gegenstand (بعت), Bezug
belegt
  Vorlage ar/anlaesse/gegenstand/unshur (tracking_link)
Navigating to post 
https://www.facebook.com/groups/arabinberlin/posts/1682350506750656/...
Looking for the comment box...
Could not find the comment box. Are comments allowed on this post? (Textfelder: 
0)
  [Ergebnis] technisch fehlgeschlagen: Kommentarfeld nicht gefunden [Aktion] 
naechster Beitrag
  fehlgeschlagen: Kommentarfeld nicht gefunden (1 Beitraege versucht)
  Araber in Berlin Gruppe | العرب في برلين: in diesem Lauf uebersprungen
Takt: noch 12 Min
Arabische Studierende in Berlin-الطلاب العرب في برلين - Kommentar 2/10 (Fassung 
2)
Navigating to https://www.facebook.com/groups/arab.in.deutschland to fetch 
posts...
Found 7 post(s) in 5 round(s); articles last seen: 12.
  kein Anlass: kein passender Beitrag (kein Bezug zum Angebot (sonstiges))
  Arabische Studierende in Berlin-الطلاب العرب في برلين: in diesem Lauf 
uebersprungen
سوريين في برلين/إستشارات/ فرص عمل / بيوت للإيجار - Kommentar 5/10 (Fassung 5)
Navigating to https://www.facebook.com/groups/1477938102509363 to fetch posts...
Found 6 post(s) in 5 round(s); articles last seen: 17.
  kein Anlass: kein passender Beitrag (kein Bezug zum Angebot (kauf_verkauf), 
kein Bezug zum Angebot (sonstiges))
  سوريين في برلين/إستشارات/ فرص عمل / بيوت للإيجار: in diesem Lauf uebersprungen
سوق العرب في برلين Arabischer Flohmarkt in Berlin - Kommentar 3/10 (Fassung 3)
Navigating to https://www.facebook.com/groups/266394850499868 to fetch posts...
Found 6 post(s) in 5 round(s); articles last seen: 12.
  kein Anlass: kein passender Beitrag (kein Bezug zum Angebot (kauf_verkauf), 
kein Bezug zum Angebot (sonstiges))
  سوق العرب في برلين Arabischer Flohmarkt in Berlin: in diesem Lauf 
uebersprungen
برلين ألمانيا فرص العمل في ألمانيا( 12) - Kommentar 5/10 (Fassung 5)
Navigating to https://www.facebook.com/groups/460113895124111 to fetch posts...
Found 6 post(s) in 5 round(s); articles last seen: 12.
  [Versuch 1/3] direct_app_recommendation: versand/fragt/geschenk (ارسال, 
إرسال), Bezug belegt
  Vorlage ar/anlaesse/geschenk/hadiye (tracking_link)
Navigating to post 
https://www.facebook.com/groups/460113895124111/posts/1809074706894683/...
Looking for the comment box...
Could not find the comment box. Are comments allowed on this post? (Textfelder: 
0)
  [Ergebnis] technisch fehlgeschlagen: Kommentarfeld nicht gefunden [Aktion] 
naechster Beitrag
  [Versuch 2/3] direct_app_recommendation: versand/fragt/geschenk (ارسال, 
إرسال), Bezug belegt
  Vorlage ar/anlaesse/geschenk/hadiye (tracking_link)
Navigating to post 
https://www.facebook.com/groups/460113895124111/posts/1809074653561355/...
Looking for the comment box...
Could not find the comment box. Are comments allowed on this post? (Textfelder: 
0)
  [Ergebnis] technisch fehlgeschlagen: Kommentarfeld nicht gefunden [Aktion] 
naechster Beitrag
  [Versuch 3/3] direct_app_recommendation: versand/fragt/geschenk (ارسال, 
إرسال), Bezug belegt
  Vorlage ar/anlaesse/geschenk/hadiye (tracking_link)
Navigating to post 
https://www.facebook.com/groups/460113895124111/posts/1809074640228023/...
Looking for the comment box...
Could not find the comment box. Are comments allowed on this post? (Textfelder: 
0)
  [Ergebnis] technisch fehlgeschlagen: Kommentarfeld nicht gefunden [Aktion] 
naechster Beitrag
  fehlgeschlagen: Kommentarfeld nicht gefunden (3 Beitraege versucht)
  برلين ألمانيا فرص العمل في ألمانيا( 12): in diesem Lauf uebersprungen
Takt: noch 10 Min
ســفارة الجمهوريـة العربيـة السوريـة-برليــن - Kommentar 1/10 (Fassung 1)
Navigating to https://www.facebook.com/groups/998502627289006 to fetch posts...
Found 1 post(s) in 5 round(s); articles last seen: 5.
  kein Anlass: kein passender Beitrag (kein Bezug zum Angebot (sonstiges))
  ســفارة الجمهوريـة العربيـة السوريـة-برليــن: in diesem Lauf uebersprungen
سوريون مقيمين في برلين - Kommentar 1/10 (Fassung 1)
Navigating to https://www.facebook.com/groups/1060505847347081 to fetch posts...
Found 4 post(s) in 5 round(s); articles last seen: 8.
  kein Anlass: kein passender Beitrag (kein Bezug zum Angebot (sonstiges), kein 
Bezug zum Angebot (wohnung))
  سوريون مقيمين في برلين: in diesem Lauf uebersprungen
عرب برلين Arab Berlin - Kommentar 5/10 (Fassung 5)
Navigating to https://www.facebook.com/groups/araberlin to fetch posts...
Found 3 post(s) in 5 round(s); articles last seen: 7.
  kein Anlass: kein passender Beitrag (kein Bezug zum Angebot (dienstleistung), 
kein Bezug zum Angebot (reise))
  عرب برلين Arab Berlin: in diesem Lauf uebersprungen
السوريين في برلين Syrer in Berlin - Kommentar 2/10 (Fassung 2)
Navigating to https://www.facebook.com/groups/828811960577355 to fetch posts...
Found 8 post(s) in 5 round(s); articles last seen: 19.
  kein Anlass: kein passender Beitrag (kein Bezug zum Angebot (behoerde), kein 
Bezug zum Angebot (empfehlung))
  السوريين في برلين Syrer in Berlin: in diesem Lauf uebersprungen
السوريين في برلين Syrians in Berlin - Kommentar 2/10 (Fassung 2)
Navigating to https://www.facebook.com/groups/668139805288848 to fetch posts...
Found 6 post(s) in 5 round(s); articles last seen: 13.
  kein Anlass: kein passender Beitrag (kein Bezug zum Angebot (dienstleistung), 
kein Bezug zum Angebot (kauf_verkauf))
  السوريين في برلين Syrians in Berlin: in diesem Lauf uebersprungen
سورين في برلين Syrer in berlin - Kommentar 2/10 (Fassung 2)
Navigating to https://www.facebook.com/groups/1763513853863066 to fetch posts...
Found 6 post(s) in 5 round(s); articles last seen: 14.
  kein Anlass: kein passender Beitrag (kein Bezug zum Angebot (job), kein Bezug 
zum Angebot (kauf_verkauf))
  سورين في برلين Syrer in berlin: in diesem Lauf uebersprungen
سوريين في المانيا 🇩🇪 برلين بوتسدام ⭐ Syrians in Potsdam - Kommentar 4/10 
(Fassung 4)
Navigating to https://www.facebook.com/groups/1033281186737137 to fetch posts...
Found 7 post(s) in 5 round(s); articles last seen: 15.
  kein Anlass: kein passender Beitrag (kein Bezug zum Angebot (sonstiges), kein 
Bezug zum Angebot (wohnung))
  سوريين في المانيا 🇩🇪 برلين بوتسدام ⭐ Syrians in Potsdam: in diesem Lauf 
uebersprungen
سوريين في برلين المانيا Syrer in Berlin 🇸🇾🇩🇪 - Kommentar 1/10 (Fassung 1)
Navigating to https://www.facebook.com/groups/860952507320595 to fetch posts...
Keine Artikel im Aufbau gefunden - es wird trotzdem gesucht.
Found 0 post(s) in 5 round(s); articles last seen: 0.
  fehlgeschlagen: keine Beitraege zum Kommentieren gefunden
  سوريين في برلين المانيا Syrer in Berlin 🇸🇾🇩🇪: in diesem Lauf uebersprungen
Takt: noch 12 Min
شارع العرب في برلين - Kommentar 2/10 (Fassung 2)
Navigating to https://www.facebook.com/groups/266728025104178 to fetch posts...
Found 8 post(s) in 5 round(s); articles last seen: 12.
  kein Anlass: kein passender Beitrag (kein Bezug zum Angebot (behoerde), kein 
Bezug zum Angebot (dienstleistung))
  شارع العرب في برلين: in diesem Lauf uebersprungen
عرب برلين المانيا بوتسدام - Kommentar 2/10 (Fassung 2)
Navigating to https://www.facebook.com/groups/1624197331206590 to fetch posts...
Found 6 post(s) in 5 round(s); articles last seen: 11.
  kein Anlass: kein passender Beitrag (kein Bezug zum Angebot (kauf_verkauf), 
kein Bezug zum Angebot (sonstiges))
  عرب برلين المانيا بوتسدام: in diesem Lauf uebersprungen
╭───────────────────────────────── Automatik ──────────────────────────────────╮
│ Automatik NICHT vollstaendig abgeschlossen                                   │
│                                                                              │
│ Kampagnen:  0 / 1                                                            │
│ Gruppen:    1 / 17                                                           │
│ Beitraege:  3 / 17                                                           │
│ Kommentare: 35 / 170                                                         │
│                                                                              │
│ Offen bei: Batreeq Syrian Germany / السوريين في برلين (heute kein Kommentar  │
│ mehr (Tagesmenge je Gruppe))                                                 │
│                                                                              │
│ Heute nicht mehr moeglich:                                                   │
│   post: abgeschaltet (pro_tag 0)                                             │
│                                                                              │
│ 1 Gruppe(n) hatten heute schon ihren Kommentar                               │
│ (limits.comments.je_gruppe_taeglich: 1). Das ist kein Urteil - morgen sind   │
│ sie unveraendert offen.                                                      │
│ Mehr Kommentare am Tag gibt es nur ueber mehr Gruppen (campaign sync) oder   │
│ eine hoehere Zahl je Gruppe.                                                 │
│                                                                              │
│ 15 Gruppe(n) nach einem Fehlschlag beiseitegelegt. Der Lauf ist deswegen     │
│ nicht abgebrochen; der naechste faengt mit ihnen wieder an.                  │
╰──────────────────────────────────────────────────────────────────────────────╯
[2026-09-24 01:18:43] Lauf beendet (Exit 1, 2616s) - Kommentare: 35 -> 35 (+0)
[2026-09-24 01:23:43] kein Lauf - wird fortgesetzt (--neu in 11 Min)
Lauf 21 wird fortgesetzt
╭───────────────────────────────── Automatik ──────────────────────────────────╮
│ Automatik NICHT vollstaendig abgeschlossen                                   │
│                                                                              │
│ Kampagnen:  0 / 1                                                            │
│ Gruppen:    1 / 17                                                           │
│ Beitraege:  3 / 17                                                           │
│ Kommentare: 35 / 170                                                         │
│                                                                              │
│ Offen bei: Batreeq Syrian Germany / السوريين في برلين (heute kein Kommentar  │
│ mehr (Tagesmenge je Gruppe))                                                 │
│                                                                              │
│ Heute nicht mehr moeglich:                                                   │
│   post: abgeschaltet (pro_tag 0)                                             │
│                                                                              │
│ 1 Gruppe(n) hatten heute schon ihren Kommentar                               │
│ (limits.comments.je_gruppe_taeglich: 1). Das ist kein Urteil - morgen sind   │
│ sie unveraendert offen.                                                      │
│ Mehr Kommentare am Tag gibt es nur ueber mehr Gruppen (campaign sync) oder   │
│ eine hoehere Zahl je Gruppe.                                                 │
│                                                                              │
│ 15 Gruppe(n) nach einem Fehlschlag beiseitegelegt. Der Lauf ist deswegen     │
│ nicht abgebrochen; der naechste faengt mit ihnen wieder an.                  │
╰──────────────────────────────────────────────────────────────────────────────╯
[2026-09-24 01:23:46] Lauf beendet (Exit 1, 3s) - Kommentare: 35 -> 35 (+0)
[2026-09-24 01:23:46]   -> Runde erschoepft, bis zum naechsten --neu wird nicht mehr gestartet
[2026-09-24 01:28:46] Runde durch - warte auf --neu (in 6 Min)
[2026-09-24 01:33:46] Runde durch - warte auf --neu (in 1 Min)
[2026-09-24 01:38:47] Stunde um - frische Liste mit --neu
Neuer Lauf 22
Batreeq Syrian Germany - Neubewertung
  17 Gruppen bewertet, 0 mit geaendertem Score
Araber in Berlin Gruppe | العرب في برلين - Kommentar 3/10 (Fassung 3)
Navigating to https://www.facebook.com/groups/arabinberlin to fetch posts...
Found 10 post(s) in 5 round(s); articles last seen: 13.
  [Versuch 1/3] direct_app_recommendation: versand/fragt/gegenstand (بعت), Bezug
belegt
  Vorlage ar/anlaesse/gegenstand/unshur (tracking_link)
Navigating to post 
https://www.facebook.com/groups/arabinberlin/posts/1682350506750656/...
Looking for the comment box...
Could not find the comment box. Are comments allowed on this post? (Textfelder: 
0)
  [Ergebnis] technisch fehlgeschlagen: Kommentarfeld nicht gefunden [Aktion] 
naechster Beitrag
  fehlgeschlagen: Kommentarfeld nicht gefunden (1 Beitraege versucht)
  Araber in Berlin Gruppe | العرب في برلين: in diesem Lauf uebersprungen
Takt: noch 7 Min
Arabische Studierende in Berlin-الطلاب العرب في برلين - Kommentar 2/10 (Fassung 
2)
Navigating to https://www.facebook.com/groups/arab.in.deutschland to fetch 
posts...
Found 6 post(s) in 5 round(s); articles last seen: 8.
  kein Anlass: kein passender Beitrag (kein Bezug zum Angebot (sonstiges))
  Arabische Studierende in Berlin-الطلاب العرب في برلين: in diesem Lauf 
uebersprungen
سوريين في برلين/إستشارات/ فرص عمل / بيوت للإيجار - Kommentar 5/10 (Fassung 5)
Navigating to https://www.facebook.com/groups/1477938102509363 to fetch posts...
Found 8 post(s) in 5 round(s); articles last seen: 20.
  kein Anlass: kein passender Beitrag (kein Bezug zum Angebot (kauf_verkauf), 
kein Bezug zum Angebot (sonstiges))
  سوريين في برلين/إستشارات/ فرص عمل / بيوت للإيجار: in diesem Lauf uebersprungen
سوق العرب في برلين Arabischer Flohmarkt in Berlin - Kommentar 3/10 (Fassung 3)
Navigating to https://www.facebook.com/groups/266394850499868 to fetch posts...
Found 6 post(s) in 5 round(s); articles last seen: 9.
  kein Anlass: kein passender Beitrag (kein Bezug zum Angebot (kauf_verkauf), 
kein Bezug zum Angebot (sonstiges))
  سوق العرب في برلين Arabischer Flohmarkt in Berlin: in diesem Lauf 
uebersprungen
برلين ألمانيا فرص العمل في ألمانيا( 12) - Kommentar 5/10 (Fassung 5)
Navigating to https://www.facebook.com/groups/460113895124111 to fetch posts...
Found 6 post(s) in 5 round(s); articles last seen: 10.
  [Versuch 1/3] direct_app_recommendation: versand/fragt/geschenk (ارسال, 
إرسال), Bezug belegt
  Vorlage ar/anlaesse/geschenk/hadiye (tracking_link)
Navigating to post 
https://www.facebook.com/groups/460113895124111/posts/1809074706894683/...
  fehlgeschlagen: Page.goto: Timeout 60000ms exceeded.
Takt: noch 8 Min
برلين ألمانيا فرص العمل في ألمانيا( 12) - Kommentar 5/10 (Fassung 5)
Navigating to https://www.facebook.com/groups/460113895124111 to fetch posts...
Found 5 post(s) in 5 round(s); articles last seen: 10.
  [Versuch 1/3] direct_app_recommendation: versand/fragt/geschenk (ارسال, 
إرسال), Bezug belegt
  Vorlage ar/anlaesse/geschenk/hadiye (tracking_link)
Navigating to post 
https://www.facebook.com/groups/460113895124111/posts/1809074706894683/...
Looking for the comment box...
Could not find the comment box. Are comments allowed on this post? (Textfelder: 
0)
  [Ergebnis] technisch fehlgeschlagen: Kommentarfeld nicht gefunden [Aktion] 
naechster Beitrag
  [Versuch 2/3] direct_app_recommendation: versand/fragt/geschenk (ارسال, 
إرسال), Bezug belegt
  Vorlage ar/anlaesse/geschenk/hadiye (tracking_link)
Navigating to post 
https://www.facebook.com/groups/460113895124111/posts/1809074653561355/...
Looking for the comment box...
Could not find the comment box. Are comments allowed on this post? (Textfelder: 
0)
  [Ergebnis] technisch fehlgeschlagen: Kommentarfeld nicht gefunden [Aktion] 
naechster Beitrag
  [Versuch 3/3] direct_app_recommendation: versand/fragt/geschenk (ارسال, 
إرسال), Bezug belegt
  Vorlage ar/anlaesse/geschenk/hadiye (tracking_link)
Navigating to post 
https://www.facebook.com/groups/460113895124111/posts/1809074640228023/...
Looking for the comment box...
Could not find the comment box. Are comments allowed on this post? (Textfelder: 
0)
  [Ergebnis] technisch fehlgeschlagen: Kommentarfeld nicht gefunden [Aktion] 
naechster Beitrag
  fehlgeschlagen: Kommentarfeld nicht gefunden (3 Beitraege versucht)
  برلين ألمانيا فرص العمل في ألمانيا( 12): in diesem Lauf uebersprungen
Takt: noch 10 Min
ســفارة الجمهوريـة العربيـة السوريـة-برليــن - Kommentar 1/10 (Fassung 1)
Navigating to https://www.facebook.com/groups/998502627289006 to fetch posts...
Found 9 post(s) in 5 round(s); articles last seen: 14.
  kein Anlass: kein passender Beitrag (kein Bezug zum Angebot (behoerde), kein 
Bezug zum Angebot (job))
  ســفارة الجمهوريـة العربيـة السوريـة-برليــن: in diesem Lauf uebersprungen
سوريون مقيمين في برلين - Kommentar 1/10 (Fassung 1)
Navigating to https://www.facebook.com/groups/1060505847347081 to fetch posts...
Found 6 post(s) in 5 round(s); articles last seen: 10.
  kein Anlass: kein passender Beitrag (kein Bezug zum Angebot (behoerde), kein 
Bezug zum Angebot (sonstiges))
  سوريون مقيمين في برلين: in diesem Lauf uebersprungen
عرب برلين Arab Berlin - Kommentar 5/10 (Fassung 5)
Navigating to https://www.facebook.com/groups/araberlin to fetch posts...
Found 7 post(s) in 5 round(s); articles last seen: 12.
  kein Anlass: kein passender Beitrag (kein Bezug zum Angebot (dienstleistung), 
kein Bezug zum Angebot (reise))
  عرب برلين Arab Berlin: in diesem Lauf uebersprungen
╭───────────────────────────────── Automatik ──────────────────────────────────╮
│ Automatik NICHT vollstaendig abgeschlossen                                   │
│                                                                              │
│ Kampagnen:  0 / 1                                                            │
│ Gruppen:    1 / 17                                                           │
│ Beitraege:  3 / 17                                                           │
│ Kommentare: 35 / 170                                                         │
│                                                                              │
│ Offen bei: Batreeq Syrian Germany / السوريين في برلين (10 / 10 Kommentare)   │
│                                                                              │
│ Heute nicht mehr moeglich:                                                   │
│   post: abgeschaltet (pro_tag 0)                                             │
│                                                                              │
│ 8 Gruppe(n) nach einem Fehlschlag beiseitegelegt. Der Lauf ist deswegen      │
│ nicht abgebrochen; der naechste faengt mit ihnen wieder an.                  │
╰──────────────────────────────────────────────────────────────────────────────╯
[2026-09-24 02:12:43] Lauf beendet (Exit 1, 2036s) - Kommentare: 35 -> 35 (+0)
[2026-09-24 02:17:44] kein Lauf - wird fortgesetzt (--neu in 21 Min)
Lauf 22 wird fortgesetzt
╭───────────────────────────────── Automatik ──────────────────────────────────╮
│ Automatik NICHT vollstaendig abgeschlossen                                   │
│                                                                              │
│ Kampagnen:  0 / 1                                                            │
│ Gruppen:    1 / 17                                                           │
│ Beitraege:  3 / 17                                                           │
│ Kommentare: 35 / 170                                                         │
│                                                                              │
│ Offen bei: Batreeq Syrian Germany / السوريين في برلين (10 / 10 Kommentare)   │
│                                                                              │
│ Heute nicht mehr moeglich:                                                   │
│   post: abgeschaltet (pro_tag 0)                                             │
│                                                                              │
│ 8 Gruppe(n) nach einem Fehlschlag beiseitegelegt. Der Lauf ist deswegen      │
│ nicht abgebrochen; der naechste faengt mit ihnen wieder an.                  │
╰──────────────────────────────────────────────────────────────────────────────╯
[2026-09-24 02:17:47] Lauf beendet (Exit 1, 2s) - Kommentare: 35 -> 35 (+0)
[2026-09-24 02:17:47]   -> Runde erschoepft, bis zum naechsten --neu wird nicht mehr gestartet
[2026-09-24 02:22:47] Runde durch - warte auf --neu (in 16 Min)
[2026-09-24 02:27:47] Runde durch - warte auf --neu (in 11 Min)
[2026-09-24 02:32:47] Runde durch - warte auf --neu (in 6 Min)
[2026-09-24 02:37:48] Runde durch - warte auf --neu (in 0 Min)
[2026-09-24 02:42:48] Stunde um - frische Liste mit --neu
Neuer Lauf 23
Batreeq Syrian Germany - Neubewertung
  17 Gruppen bewertet, 0 mit geaendertem Score
Araber in Berlin Gruppe | العرب في برلين - Kommentar 3/10 (Fassung 3)
Navigating to https://www.facebook.com/groups/arabinberlin to fetch posts...
Found 8 post(s) in 5 round(s); articles last seen: 13.
  [Versuch 1/3] direct_app_recommendation: versand/fragt/gegenstand (بعت), Bezug
belegt
  Vorlage ar/anlaesse/gegenstand/unshur (tracking_link)
Navigating to post 
https://www.facebook.com/groups/arabinberlin/posts/1682350506750656/...
Looking for the comment box...
Could not find the comment box. Are comments allowed on this post? (Textfelder: 
0)
  [Ergebnis] technisch fehlgeschlagen: Kommentarfeld nicht gefunden [Aktion] 
naechster Beitrag
  fehlgeschlagen: Kommentarfeld nicht gefunden (1 Beitraege versucht)
  Araber in Berlin Gruppe | العرب في برلين: in diesem Lauf uebersprungen
Takt: noch 6 Min
Arabische Studierende in Berlin-الطلاب العرب في برلين - Kommentar 2/10 (Fassung 
2)
Navigating to https://www.facebook.com/groups/arab.in.deutschland to fetch 
posts...
Found 7 post(s) in 5 round(s); articles last seen: 9.
  kein Anlass: kein passender Beitrag (kein Bezug zum Angebot (sonstiges))
  Arabische Studierende in Berlin-الطلاب العرب في برلين: in diesem Lauf 
uebersprungen
سوريين في برلين/إستشارات/ فرص عمل / بيوت للإيجار - Kommentar 5/10 (Fassung 5)
Navigating to https://www.facebook.com/groups/1477938102509363 to fetch posts...
Found 9 post(s) in 5 round(s); articles last seen: 16.
  kein Anlass: kein passender Beitrag (kein Bezug zum Angebot (kauf_verkauf), 
kein Bezug zum Angebot (sonstiges))
  سوريين في برلين/إستشارات/ فرص عمل / بيوت للإيجار: in diesem Lauf uebersprungen
سوق العرب في برلين Arabischer Flohmarkt in Berlin - Kommentar 3/10 (Fassung 3)
Navigating to https://www.facebook.com/groups/266394850499868 to fetch posts...
Error parsing article: Locator.get_attribute: Timeout 30000ms exceeded.
Call log:
  - waiting for locator("div").nth(1).locator("a").nth(7)

Found 6 post(s) in 5 round(s); articles last seen: 9.
  kein Anlass: kein passender Beitrag (kein Bezug zum Angebot (kauf_verkauf), 
kein Bezug zum Angebot (sonstiges))
  سوق العرب في برلين Arabischer Flohmarkt in Berlin: in diesem Lauf 
uebersprungen
برلين ألمانيا فرص العمل في ألمانيا( 12) - Kommentar 5/10 (Fassung 5)
Navigating to https://www.facebook.com/groups/460113895124111 to fetch posts...
Found 7 post(s) in 5 round(s); articles last seen: 12.
  [Versuch 1/3] direct_app_recommendation: versand/fragt/geschenk (ارسال, 
إرسال), Bezug belegt
  Vorlage ar/anlaesse/geschenk/hadiye (tracking_link)
Navigating to post 
https://www.facebook.com/groups/460113895124111/posts/1809074706894683/...
Looking for the comment box...
Could not find the comment box. Are comments allowed on this post? (Textfelder: 
0)
  [Ergebnis] technisch fehlgeschlagen: Kommentarfeld nicht gefunden [Aktion] 
naechster Beitrag
  [Versuch 2/3] direct_app_recommendation: versand/fragt/geschenk (ارسال, 
إرسال), Bezug belegt
  Vorlage ar/anlaesse/geschenk/hadiye (tracking_link)
Navigating to post 
https://www.facebook.com/groups/460113895124111/posts/1809074653561355/...
Looking for the comment box...
Could not find the comment box. Are comments allowed on this post? (Textfelder: 
0)
  [Ergebnis] technisch fehlgeschlagen: Kommentarfeld nicht gefunden [Aktion] 
naechster Beitrag
  [Versuch 3/3] direct_app_recommendation: versand/fragt/geschenk (ارسال, 
إرسال), Bezug belegt
  Vorlage ar/anlaesse/geschenk/hadiye (tracking_link)
Navigating to post 
https://www.facebook.com/groups/460113895124111/posts/1809074640228023/...
Looking for the comment box...
Could not find the comment box. Are comments allowed on this post? (Textfelder: 
0)
  [Ergebnis] technisch fehlgeschlagen: Kommentarfeld nicht gefunden [Aktion] 
naechster Beitrag
  fehlgeschlagen: Kommentarfeld nicht gefunden (3 Beitraege versucht)
  برلين ألمانيا فرص العمل في ألمانيا( 12): in diesem Lauf uebersprungen
Takt: noch 8 Min
ســفارة الجمهوريـة العربيـة السوريـة-برليــن - Kommentar 1/10 (Fassung 1)
Navigating to https://www.facebook.com/groups/998502627289006 to fetch posts...
Found 8 post(s) in 5 round(s); articles last seen: 14.
  kein Anlass: kein passender Beitrag (kein Bezug zum Angebot (behoerde), kein 
Bezug zum Angebot (job))
  ســفارة الجمهوريـة العربيـة السوريـة-برليــن: in diesem Lauf uebersprungen
سوريون مقيمين في برلين - Kommentar 1/10 (Fassung 1)
Navigating to https://www.facebook.com/groups/1060505847347081 to fetch posts...
Found 6 post(s) in 5 round(s); articles last seen: 11.
  kein Anlass: kein passender Beitrag (kein Bezug zum Angebot (behoerde), kein 
Bezug zum Angebot (sonstiges))
  سوريون مقيمين في برلين: in diesem Lauf uebersprungen
عرب برلين Arab Berlin - Kommentar 5/10 (Fassung 5)
Navigating to https://www.facebook.com/groups/araberlin to fetch posts...
Found 7 post(s) in 5 round(s); articles last seen: 12.
  kein Anlass: kein passender Beitrag (kein Bezug zum Angebot (dienstleistung), 
kein Bezug zum Angebot (reise))
  عرب برلين Arab Berlin: in diesem Lauf uebersprungen
╭───────────────────────────────── Automatik ──────────────────────────────────╮
│ Automatik NICHT vollstaendig abgeschlossen                                   │
│                                                                              │
│ Kampagnen:  0 / 1                                                            │
│ Gruppen:    1 / 17                                                           │
│ Beitraege:  3 / 17                                                           │
│ Kommentare: 35 / 170                                                         │
│                                                                              │
│ Offen bei: Batreeq Syrian Germany / السوريين في برلين (10 / 10 Kommentare)   │
│                                                                              │
│ Heute nicht mehr moeglich:                                                   │
│   post: abgeschaltet (pro_tag 0)                                             │
│                                                                              │
│ 8 Gruppe(n) nach einem Fehlschlag beiseitegelegt. Der Lauf ist deswegen      │
│ nicht abgebrochen; der naechste faengt mit ihnen wieder an.                  │
╰──────────────────────────────────────────────────────────────────────────────╯
[2026-09-24 03:05:18] Lauf beendet (Exit 1, 1350s) - Kommentare: 35 -> 35 (+0)
[2026-09-24 03:10:18] kein Lauf - wird fortgesetzt (--neu in 32 Min)
Lauf 23 wird fortgesetzt
╭───────────────────────────────── Automatik ──────────────────────────────────╮
│ Automatik NICHT vollstaendig abgeschlossen                                   │
│                                                                              │
│ Kampagnen:  0 / 1                                                            │
│ Gruppen:    1 / 17                                                           │
│ Beitraege:  3 / 17                                                           │
│ Kommentare: 35 / 170                                                         │
│                                                                              │
│ Offen bei: Batreeq Syrian Germany / السوريين في برلين (10 / 10 Kommentare)   │
│                                                                              │
│ Heute nicht mehr moeglich:                                                   │
│   post: abgeschaltet (pro_tag 0)                                             │
│                                                                              │
│ 8 Gruppe(n) nach einem Fehlschlag beiseitegelegt. Der Lauf ist deswegen      │
│ nicht abgebrochen; der naechste faengt mit ihnen wieder an.                  │
╰──────────────────────────────────────────────────────────────────────────────╯
[2026-09-24 03:10:21] Lauf beendet (Exit 1, 3s) - Kommentare: 35 -> 35 (+0)
[2026-09-24 03:10:21]   -> Runde erschoepft, bis zum naechsten --neu wird nicht mehr gestartet
[2026-09-24 03:15:22] Runde durch - warte auf --neu (in 27 Min)
[2026-09-24 03:20:22] Runde durch - warte auf --neu (in 22 Min)
[2026-09-24 03:25:22] Runde durch - warte auf --neu (in 17 Min)
[2026-09-24 03:30:23] Runde durch - warte auf --neu (in 12 Min)
[2026-09-24 03:35:23] Runde durch - warte auf --neu (in 7 Min)
[2026-09-24 03:40:23] Runde durch - warte auf --neu (in 2 Min)
[2026-09-24 03:45:23] Stunde um - frische Liste mit --neu
Neuer Lauf 24
Batreeq Syrian Germany - Neubewertung
  17 Gruppen bewertet, 0 mit geaendertem Score
Araber in Berlin Gruppe | العرب في برلين - Kommentar 3/10 (Fassung 3)
Navigating to https://www.facebook.com/groups/arabinberlin to fetch posts...
Error parsing article: Locator.get_attribute: Timeout 30000ms exceeded.
Call log:
  - waiting for locator("div").nth(1).locator("a").nth(3)

Found 13 post(s) in 5 round(s); articles last seen: 18.
  [Versuch 1/3] direct_app_recommendation: versand/fragt/gegenstand (بعت), Bezug
belegt
  Vorlage ar/anlaesse/gegenstand/unshur (tracking_link)
Navigating to post 
https://www.facebook.com/groups/arabinberlin/posts/1682350506750656/...
Looking for the comment box...
Could not find the comment box. Are comments allowed on this post? (Textfelder: 
0)
  [Ergebnis] technisch fehlgeschlagen: Kommentarfeld nicht gefunden [Aktion] 
naechster Beitrag
  fehlgeschlagen: Kommentarfeld nicht gefunden (1 Beitraege versucht)
  Araber in Berlin Gruppe | العرب في برلين: in diesem Lauf uebersprungen
Takt: noch 11 Min
Arabische Studierende in Berlin-الطلاب العرب في برلين - Kommentar 2/10 (Fassung 
2)
Navigating to https://www.facebook.com/groups/arab.in.deutschland to fetch 
posts...
Found 6 post(s) in 5 round(s); articles last seen: 8.
  kein Anlass: kein passender Beitrag (kein Bezug zum Angebot (sonstiges))
  Arabische Studierende in Berlin-الطلاب العرب في برلين: in diesem Lauf 
uebersprungen
سوريين في برلين/إستشارات/ فرص عمل / بيوت للإيجار - Kommentar 5/10 (Fassung 5)
Navigating to https://www.facebook.com/groups/1477938102509363 to fetch posts...
Found 8 post(s) in 5 round(s); articles last seen: 19.
  kein Anlass: kein passender Beitrag (kein Bezug zum Angebot (kauf_verkauf), 
kein Bezug zum Angebot (sonstiges))
  سوريين في برلين/إستشارات/ فرص عمل / بيوت للإيجار: in diesem Lauf uebersprungen
سوق العرب في برلين Arabischer Flohmarkt in Berlin - Kommentar 3/10 (Fassung 3)
Navigating to https://www.facebook.com/groups/266394850499868 to fetch posts...
Error parsing article: Locator.get_attribute: Timeout 30000ms exceeded.
Call log:
  - waiting for locator("div").nth(1).locator("a").nth(10)

Found 6 post(s) in 5 round(s); articles last seen: 9.
  kein Anlass: kein passender Beitrag (kein Bezug zum Angebot (kauf_verkauf), 
kein Bezug zum Angebot (sonstiges))
  سوق العرب في برلين Arabischer Flohmarkt in Berlin: in diesem Lauf 
uebersprungen
برلين ألمانيا فرص العمل في ألمانيا( 12) - Kommentar 5/10 (Fassung 5)
Navigating to https://www.facebook.com/groups/460113895124111 to fetch posts...
Found 6 post(s) in 5 round(s); articles last seen: 10.
  [Versuch 1/3] direct_app_recommendation: versand/fragt/geschenk (ارسال, 
إرسال), Bezug belegt
  Vorlage ar/anlaesse/geschenk/hadiye (tracking_link)
Navigating to post 
https://www.facebook.com/groups/460113895124111/posts/1809074706894683/...
Looking for the comment box...
Could not find the comment box. Are comments allowed on this post? (Textfelder: 
0)
  [Ergebnis] technisch fehlgeschlagen: Kommentarfeld nicht gefunden [Aktion] 
naechster Beitrag
  [Versuch 2/3] direct_app_recommendation: versand/fragt/geschenk (ارسال, 
إرسال), Bezug belegt
  Vorlage ar/anlaesse/geschenk/hadiye (tracking_link)
Navigating to post 
https://www.facebook.com/groups/460113895124111/posts/1809074653561355/...
Looking for the comment box...
Could not find the comment box. Are comments allowed on this post? (Textfelder: 
0)
  [Ergebnis] technisch fehlgeschlagen: Kommentarfeld nicht gefunden [Aktion] 
naechster Beitrag
  [Versuch 3/3] direct_app_recommendation: versand/fragt/geschenk (ارسال, 
إرسال), Bezug belegt
  Vorlage ar/anlaesse/geschenk/hadiye (tracking_link)
Navigating to post 
https://www.facebook.com/groups/460113895124111/posts/1809074640228023/...
Looking for the comment box...
Could not find the comment box. Are comments allowed on this post? (Textfelder: 
0)
  [Ergebnis] technisch fehlgeschlagen: Kommentarfeld nicht gefunden [Aktion] 
naechster Beitrag
  fehlgeschlagen: Kommentarfeld nicht gefunden (3 Beitraege versucht)
  برلين ألمانيا فرص العمل في ألمانيا( 12): in diesem Lauf uebersprungen
Takt: noch 6 Min
ســفارة الجمهوريـة العربيـة السوريـة-برليــن - Kommentar 1/10 (Fassung 1)
Navigating to https://www.facebook.com/groups/998502627289006 to fetch posts...
Found 9 post(s) in 5 round(s); articles last seen: 19.
  kein Anlass: kein passender Beitrag (kein Bezug zum Angebot (behoerde), kein 
Bezug zum Angebot (job))
  ســفارة الجمهوريـة العربيـة السوريـة-برليــن: in diesem Lauf uebersprungen
سوريون مقيمين في برلين - Kommentar 1/10 (Fassung 1)
Navigating to https://www.facebook.com/groups/1060505847347081 to fetch posts...
Error parsing article: Locator.get_attribute: Timeout 30000ms exceeded.
Call log:
  - waiting for locator("div").nth(1).locator("a").nth(7)

Found 6 post(s) in 5 round(s); articles last seen: 13.
  kein Anlass: kein passender Beitrag (kein Bezug zum Angebot (sonstiges), kein 
Bezug zum Angebot (wohnung))
  سوريون مقيمين في برلين: in diesem Lauf uebersprungen
عرب برلين Arab Berlin - Kommentar 5/10 (Fassung 5)
Navigating to https://www.facebook.com/groups/araberlin to fetch posts...
Found 7 post(s) in 5 round(s); articles last seen: 12.
  kein Anlass: kein passender Beitrag (kein Bezug zum Angebot (dienstleistung), 
kein Bezug zum Angebot (reise))
  عرب برلين Arab Berlin: in diesem Lauf uebersprungen
╭───────────────────────────────── Automatik ──────────────────────────────────╮
│ Automatik NICHT vollstaendig abgeschlossen                                   │
│                                                                              │
│ Kampagnen:  0 / 1                                                            │
│ Gruppen:    1 / 17                                                           │
│ Beitraege:  3 / 17                                                           │
│ Kommentare: 35 / 170                                                         │
│                                                                              │
│ Offen bei: Batreeq Syrian Germany / السوريين في برلين (10 / 10 Kommentare)   │
│                                                                              │
│ Heute nicht mehr moeglich:                                                   │
│   post: abgeschaltet (pro_tag 0)                                             │
│                                                                              │
│ 8 Gruppe(n) nach einem Fehlschlag beiseitegelegt. Der Lauf ist deswegen      │
│ nicht abgebrochen; der naechste faengt mit ihnen wieder an.                  │
╰──────────────────────────────────────────────────────────────────────────────╯
[2026-09-24 04:10:45] Lauf beendet (Exit 1, 1522s) - Kommentare: 35 -> 35 (+0)
[2026-09-24 04:15:45] kein Lauf - wird fortgesetzt (--neu in 29 Min)
Lauf 24 wird fortgesetzt
╭───────────────────────────────── Automatik ──────────────────────────────────╮
│ Automatik NICHT vollstaendig abgeschlossen                                   │
│                                                                              │
│ Kampagnen:  0 / 1                                                            │
│ Gruppen:    1 / 17                                                           │
│ Beitraege:  3 / 17                                                           │
│ Kommentare: 35 / 170                                                         │
│                                                                              │
│ Offen bei: Batreeq Syrian Germany / السوريين في برلين (10 / 10 Kommentare)   │
│                                                                              │
│ Heute nicht mehr moeglich:                                                   │
│   post: abgeschaltet (pro_tag 0)                                             │
│                                                                              │
│ 8 Gruppe(n) nach einem Fehlschlag beiseitegelegt. Der Lauf ist deswegen      │
│ nicht abgebrochen; der naechste faengt mit ihnen wieder an.                  │
╰──────────────────────────────────────────────────────────────────────────────╯
[2026-09-24 04:15:48] Lauf beendet (Exit 1, 3s) - Kommentare: 35 -> 35 (+0)
[2026-09-24 04:15:48]   -> Runde erschoepft, bis zum naechsten --neu wird nicht mehr gestartet
[2026-09-24 04:20:48] Runde durch - warte auf --neu (in 24 Min)
[2026-09-24 04:25:48] Runde durch - warte auf --neu (in 19 Min)
[2026-09-24 04:30:49] Runde durch - warte auf --neu (in 14 Min)
[2026-09-24 04:35:49] Runde durch - warte auf --neu (in 9 Min)
[2026-09-24 04:40:49] Runde durch - warte auf --neu (in 4 Min)
[2026-09-24 04:45:50] Stunde um - frische Liste mit --neu
Neuer Lauf 25
Batreeq Syrian Germany - Neubewertung
  17 Gruppen bewertet, 0 mit geaendertem Score
Araber in Berlin Gruppe | العرب في برلين - Kommentar 3/10 (Fassung 3)
Navigating to https://www.facebook.com/groups/arabinberlin to fetch posts...
Found 11 post(s) in 5 round(s); articles last seen: 15.
  [Versuch 1/3] direct_app_recommendation: versand/fragt/gegenstand (بعت), Bezug
belegt
  Vorlage ar/anlaesse/gegenstand/unshur (tracking_link)
Navigating to post 
https://www.facebook.com/groups/arabinberlin/posts/1682350506750656/...
Looking for the comment box...
Could not find the comment box. Are comments allowed on this post? (Textfelder: 
0)
  [Ergebnis] technisch fehlgeschlagen: Kommentarfeld nicht gefunden [Aktion] 
naechster Beitrag
  fehlgeschlagen: Kommentarfeld nicht gefunden (1 Beitraege versucht)
  Araber in Berlin Gruppe | العرب في برلين: in diesem Lauf uebersprungen
Takt: noch 12 Min
Arabische Studierende in Berlin-الطلاب العرب في برلين - Kommentar 2/10 (Fassung 
2)
Navigating to https://www.facebook.com/groups/arab.in.deutschland to fetch 
posts...
Found 6 post(s) in 5 round(s); articles last seen: 8.
  kein Anlass: kein passender Beitrag (kein Bezug zum Angebot (sonstiges))
  Arabische Studierende in Berlin-الطلاب العرب في برلين: in diesem Lauf 
uebersprungen
سوريين في برلين/إستشارات/ فرص عمل / بيوت للإيجار - Kommentar 5/10 (Fassung 5)
Navigating to https://www.facebook.com/groups/1477938102509363 to fetch posts...
Found 7 post(s) in 5 round(s); articles last seen: 17.
  kein Anlass: kein passender Beitrag (kein Bezug zum Angebot (kauf_verkauf), 
kein Bezug zum Angebot (sonstiges))
  سوريين في برلين/إستشارات/ فرص عمل / بيوت للإيجار: in diesem Lauf uebersprungen
سوق العرب في برلين Arabischer Flohmarkt in Berlin - Kommentar 3/10 (Fassung 3)
Navigating to https://www.facebook.com/groups/266394850499868 to fetch posts...
Found 7 post(s) in 5 round(s); articles last seen: 10.
  kein Anlass: kein passender Beitrag (kein Bezug zum Angebot (kauf_verkauf), 
kein Bezug zum Angebot (sonstiges))
  سوق العرب في برلين Arabischer Flohmarkt in Berlin: in diesem Lauf 
uebersprungen
برلين ألمانيا فرص العمل في ألمانيا( 12) - Kommentar 5/10 (Fassung 5)
Navigating to https://www.facebook.com/groups/460113895124111 to fetch posts...
Found 6 post(s) in 5 round(s); articles last seen: 10.
  [Versuch 1/3] direct_app_recommendation: versand/fragt/geschenk (ارسال, 
إرسال), Bezug belegt
  Vorlage ar/anlaesse/geschenk/hadiye (tracking_link)
Navigating to post 
https://www.facebook.com/groups/460113895124111/posts/1809074706894683/...
Looking for the comment box...
Could not find the comment box. Are comments allowed on this post? (Textfelder: 
0)
  [Ergebnis] technisch fehlgeschlagen: Kommentarfeld nicht gefunden [Aktion] 
naechster Beitrag
  [Versuch 2/3] direct_app_recommendation: versand/fragt/geschenk (ارسال, 
إرسال), Bezug belegt
  Vorlage ar/anlaesse/geschenk/hadiye (tracking_link)
Navigating to post 
https://www.facebook.com/groups/460113895124111/posts/1809074653561355/...
Looking for the comment box...
Could not find the comment box. Are comments allowed on this post? (Textfelder: 
0)
  [Ergebnis] technisch fehlgeschlagen: Kommentarfeld nicht gefunden [Aktion] 
naechster Beitrag
  [Versuch 3/3] direct_app_recommendation: versand/fragt/geschenk (ارسال, 
إرسال), Bezug belegt
  Vorlage ar/anlaesse/geschenk/hadiye (tracking_link)
Navigating to post 
https://www.facebook.com/groups/460113895124111/posts/1809074640228023/...
Looking for the comment box...
Could not find the comment box. Are comments allowed on this post? (Textfelder: 
0)
  [Ergebnis] technisch fehlgeschlagen: Kommentarfeld nicht gefunden [Aktion] 
naechster Beitrag
  fehlgeschlagen: Kommentarfeld nicht gefunden (3 Beitraege versucht)
  برلين ألمانيا فرص العمل في ألمانيا( 12): in diesem Lauf uebersprungen
Takt: noch 8 Min
ســفارة الجمهوريـة العربيـة السوريـة-برليــن - Kommentar 1/10 (Fassung 1)
Navigating to https://www.facebook.com/groups/998502627289006 to fetch posts...
Error parsing article: Locator.get_attribute: Timeout 30000ms exceeded.
Call log:
  - waiting for locator("div").nth(2).locator("a").nth(1)

Found 9 post(s) in 5 round(s); articles last seen: 21.
  kein Anlass: kein passender Beitrag (kein Bezug zum Angebot (behoerde), kein 
Bezug zum Angebot (job))
  ســفارة الجمهوريـة العربيـة السوريـة-برليــن: in diesem Lauf uebersprungen
سوريون مقيمين في برلين - Kommentar 1/10 (Fassung 1)
Navigating to https://www.facebook.com/groups/1060505847347081 to fetch posts...
Error parsing article: Locator.get_attribute: Timeout 30000ms exceeded.
Call log:
  - waiting for locator("div").nth(10).locator("a").nth(1)

Found 7 post(s) in 5 round(s); articles last seen: 13.
  [Versuch 1/3] direct_app_recommendation: versand/fragt/gegenstand (شحن), Bezug
belegt
  Vorlage ar/anlaesse/gegenstand/unshur (tracking_link)
Navigating to post 
https://www.facebook.com/groups/1060505847347081/posts/28600256092945352/...
Looking for the comment box...
Kommentarfeld gefunden (beschriftet).
Typing comment (pasting/inserting directly)...
Submitting comment (pressing Enter)...
Comment submitted successfully!
  veroeffentlicht
Takt: noch 6 Min
سوريون مقيمين في برلين - Kommentar 2/10 (Fassung 2)
Navigating to https://www.facebook.com/groups/1060505847347081 to fetch posts...
Error parsing article: Locator.get_attribute: Timeout 30000ms exceeded.
Call log:
  - waiting for locator("div").nth(1).locator(", , , , , ").first

Error parsing article: Locator.get_attribute: Timeout 30000ms exceeded.
Call log:
  - waiting for locator("div").nth(2).locator("a").nth(3)

Found 7 post(s) in 5 round(s); articles last seen: 13.
  kein Anlass: kein passender Beitrag (kein Bezug zum Angebot (sonstiges), kein 
Bezug zum Angebot (wohnung))
  سوريون مقيمين في برلين: in diesem Lauf uebersprungen
عرب برلين Arab Berlin - Kommentar 5/10 (Fassung 5)
Navigating to https://www.facebook.com/groups/araberlin to fetch posts...
Found 7 post(s) in 5 round(s); articles last seen: 12.
  kein Anlass: kein passender Beitrag (kein Bezug zum Angebot (dienstleistung), 
kein Bezug zum Angebot (reise))
  عرب برلين Arab Berlin: in diesem Lauf uebersprungen
╭───────────────────────────────── Automatik ──────────────────────────────────╮
│ Automatik NICHT vollstaendig abgeschlossen                                   │
│                                                                              │
│ Kampagnen:  0 / 1                                                            │
│ Gruppen:    1 / 17                                                           │
│ Beitraege:  3 / 17                                                           │
│ Kommentare: 36 / 170                                                         │
│                                                                              │
│ Offen bei: Batreeq Syrian Germany / السوريين في برلين (10 / 10 Kommentare)   │
│                                                                              │
│ Heute nicht mehr moeglich:                                                   │
│   post: abgeschaltet (pro_tag 0)                                             │
│                                                                              │
│ 8 Gruppe(n) nach einem Fehlschlag beiseitegelegt. Der Lauf ist deswegen      │
│ nicht abgebrochen; der naechste faengt mit ihnen wieder an.                  │
╰──────────────────────────────────────────────────────────────────────────────╯
[2026-09-24 05:22:26] Lauf beendet (Exit 1, 2196s) - Kommentare: 35 -> 36 (+1)
[2026-09-24 05:27:26] kein Lauf - wird fortgesetzt (--neu in 18 Min)
Lauf 25 wird fortgesetzt
╭───────────────────────────────── Automatik ──────────────────────────────────╮
│ Automatik NICHT vollstaendig abgeschlossen                                   │
│                                                                              │
│ Kampagnen:  0 / 1                                                            │
│ Gruppen:    1 / 17                                                           │
│ Beitraege:  3 / 17                                                           │
│ Kommentare: 36 / 170                                                         │
│                                                                              │
│ Offen bei: Batreeq Syrian Germany / السوريين في برلين (10 / 10 Kommentare)   │
│                                                                              │
│ Heute nicht mehr moeglich:                                                   │
│   post: abgeschaltet (pro_tag 0)                                             │
│                                                                              │
│ 8 Gruppe(n) nach einem Fehlschlag beiseitegelegt. Der Lauf ist deswegen      │
│ nicht abgebrochen; der naechste faengt mit ihnen wieder an.                  │
╰──────────────────────────────────────────────────────────────────────────────╯
[2026-09-24 05:27:29] Lauf beendet (Exit 1, 3s) - Kommentare: 36 -> 36 (+0)
[2026-09-24 05:27:29]   -> Runde erschoepft, bis zum naechsten --neu wird nicht mehr gestartet
[2026-09-24 05:32:29] Runde durch - warte auf --neu (in 13 Min)
[2026-09-24 05:37:29] Runde durch - warte auf --neu (in 8 Min)
[2026-09-24 05:42:29] Runde durch - warte auf --neu (in 3 Min)
[2026-09-24 05:47:30] Stunde um - frische Liste mit --neu
Neuer Lauf 26
Batreeq Syrian Germany - Neubewertung
  17 Gruppen bewertet, 0 mit geaendertem Score
Araber in Berlin Gruppe | العرب في برلين - Kommentar 3/10 (Fassung 3)
Navigating to https://www.facebook.com/groups/arabinberlin to fetch posts...
Error parsing article: Locator.get_attribute: Timeout 30000ms exceeded.
Call log:
  - waiting for locator("div").nth(1).locator("a").nth(6)

Found 11 post(s) in 5 round(s); articles last seen: 17.
  [Versuch 1/3] direct_app_recommendation: versand/fragt/gegenstand (بعت), Bezug
belegt
  Vorlage ar/anlaesse/gegenstand/unshur (tracking_link)
Navigating to post 
https://www.facebook.com/groups/arabinberlin/posts/1682350506750656/...
Looking for the comment box...
Could not find the comment box. Are comments allowed on this post? (Textfelder: 
0)
  [Ergebnis] technisch fehlgeschlagen: Kommentarfeld nicht gefunden [Aktion] 
naechster Beitrag
  fehlgeschlagen: Kommentarfeld nicht gefunden (1 Beitraege versucht)
  Araber in Berlin Gruppe | العرب في برلين: in diesem Lauf uebersprungen
Takt: noch 7 Min
Arabische Studierende in Berlin-الطلاب العرب في برلين - Kommentar 2/10 (Fassung 
2)
Navigating to https://www.facebook.com/groups/arab.in.deutschland to fetch 
posts...
Found 6 post(s) in 5 round(s); articles last seen: 8.
  kein Anlass: kein passender Beitrag (kein Bezug zum Angebot (sonstiges))
  Arabische Studierende in Berlin-الطلاب العرب في برلين: in diesem Lauf 
uebersprungen
سوريين في برلين/إستشارات/ فرص عمل / بيوت للإيجار - Kommentar 5/10 (Fassung 5)
Navigating to https://www.facebook.com/groups/1477938102509363 to fetch posts...
Found 7 post(s) in 5 round(s); articles last seen: 17.
  kein Anlass: kein passender Beitrag (kein Bezug zum Angebot (kauf_verkauf), 
kein Bezug zum Angebot (sonstiges))
  سوريين في برلين/إستشارات/ فرص عمل / بيوت للإيجار: in diesem Lauf uebersprungen
سوق العرب في برلين Arabischer Flohmarkt in Berlin - Kommentar 3/10 (Fassung 3)
Navigating to https://www.facebook.com/groups/266394850499868 to fetch posts...
Found 6 post(s) in 5 round(s); articles last seen: 9.
  kein Anlass: kein passender Beitrag (kein Bezug zum Angebot (kauf_verkauf), 
kein Bezug zum Angebot (sonstiges))
  سوق العرب في برلين Arabischer Flohmarkt in Berlin: in diesem Lauf 
uebersprungen
برلين ألمانيا فرص العمل في ألمانيا( 12) - Kommentar 5/10 (Fassung 5)
Navigating to https://www.facebook.com/groups/460113895124111 to fetch posts...
Found 6 post(s) in 5 round(s); articles last seen: 9.
  [Versuch 1/3] direct_app_recommendation: versand/fragt/geschenk (ارسال, 
إرسال), Bezug belegt
  Vorlage ar/anlaesse/geschenk/hadiye (tracking_link)
Navigating to post 
https://www.facebook.com/groups/460113895124111/posts/1809074706894683/...
Looking for the comment box...
Could not find the comment box. Are comments allowed on this post? (Textfelder: 
0)
  [Ergebnis] technisch fehlgeschlagen: Kommentarfeld nicht gefunden [Aktion] 
naechster Beitrag
  [Versuch 2/3] direct_app_recommendation: versand/fragt/geschenk (ارسال, 
إرسال), Bezug belegt
  Vorlage ar/anlaesse/geschenk/hadiye (tracking_link)
Navigating to post 
https://www.facebook.com/groups/460113895124111/posts/1809074653561355/...
Looking for the comment box...
Could not find the comment box. Are comments allowed on this post? (Textfelder: 
0)
  [Ergebnis] technisch fehlgeschlagen: Kommentarfeld nicht gefunden [Aktion] 
naechster Beitrag
  [Versuch 3/3] direct_app_recommendation: versand/fragt/geschenk (ارسال, 
إرسال), Bezug belegt
  Vorlage ar/anlaesse/geschenk/hadiye (tracking_link)
Navigating to post 
https://www.facebook.com/groups/460113895124111/posts/1809074640228023/...
Looking for the comment box...
Could not find the comment box. Are comments allowed on this post? (Textfelder: 
0)
  [Ergebnis] technisch fehlgeschlagen: Kommentarfeld nicht gefunden [Aktion] 
naechster Beitrag
  fehlgeschlagen: Kommentarfeld nicht gefunden (3 Beitraege versucht)
  برلين ألمانيا فرص العمل في ألمانيا( 12): in diesem Lauf uebersprungen
Takt: noch 7 Min
ســفارة الجمهوريـة العربيـة السوريـة-برليــن - Kommentar 1/10 (Fassung 1)
Navigating to https://www.facebook.com/groups/998502627289006 to fetch posts...
Found 9 post(s) in 5 round(s); articles last seen: 19.
  kein Anlass: kein passender Beitrag (kein Bezug zum Angebot (behoerde), kein 
Bezug zum Angebot (job))
  ســفارة الجمهوريـة العربيـة السوريـة-برليــن: in diesem Lauf uebersprungen
سوريون مقيمين في برلين - Kommentar 2/10 (Fassung 2)
Navigating to https://www.facebook.com/groups/1060505847347081 to fetch posts...
Error parsing article: Locator.get_attribute: Timeout 30000ms exceeded.
Call log:
  - waiting for locator("div").nth(2).locator("a").nth(3)

Found 7 post(s) in 5 round(s); articles last seen: 13.
  kein Anlass: kein passender Beitrag (kein Bezug zum Angebot (sonstiges), kein 
Bezug zum Angebot (wohnung))
  سوريون مقيمين في برلين: in diesem Lauf uebersprungen
عرب برلين Arab Berlin - Kommentar 5/10 (Fassung 5)
Navigating to https://www.facebook.com/groups/araberlin to fetch posts...
Found 7 post(s) in 5 round(s); articles last seen: 12.
  kein Anlass: kein passender Beitrag (kein Bezug zum Angebot (dienstleistung), 
kein Bezug zum Angebot (reise))
  عرب برلين Arab Berlin: in diesem Lauf uebersprungen
╭───────────────────────────────── Automatik ──────────────────────────────────╮
│ Automatik NICHT vollstaendig abgeschlossen                                   │
│                                                                              │
│ Kampagnen:  0 / 1                                                            │
│ Gruppen:    1 / 17                                                           │
│ Beitraege:  3 / 17                                                           │
│ Kommentare: 36 / 170                                                         │
│                                                                              │
│ Offen bei: Batreeq Syrian Germany / السوريين في برلين (10 / 10 Kommentare)   │
│                                                                              │
│ Heute nicht mehr moeglich:                                                   │
│   post: abgeschaltet (pro_tag 0)                                             │
│                                                                              │
│ 8 Gruppe(n) nach einem Fehlschlag beiseitegelegt. Der Lauf ist deswegen      │
│ nicht abgebrochen; der naechste faengt mit ihnen wieder an.                  │
╰──────────────────────────────────────────────────────────────────────────────╯
[2026-09-24 06:09:53] Lauf beendet (Exit 1, 1343s) - Kommentare: 36 -> 36 (+0)
[2026-09-24 06:14:53] kein Lauf - wird fortgesetzt (--neu in 32 Min)
Lauf 26 wird fortgesetzt
╭───────────────────────────────── Automatik ──────────────────────────────────╮
│ Automatik NICHT vollstaendig abgeschlossen                                   │
│                                                                              │
│ Kampagnen:  0 / 1                                                            │
│ Gruppen:    1 / 17                                                           │
│ Beitraege:  3 / 17                                                           │
│ Kommentare: 36 / 170                                                         │
│                                                                              │
│ Offen bei: Batreeq Syrian Germany / السوريين في برلين (10 / 10 Kommentare)   │
│                                                                              │
│ Heute nicht mehr moeglich:                                                   │
│   post: abgeschaltet (pro_tag 0)                                             │
│                                                                              │
│ 8 Gruppe(n) nach einem Fehlschlag beiseitegelegt. Der Lauf ist deswegen      │
│ nicht abgebrochen; der naechste faengt mit ihnen wieder an.                  │
╰──────────────────────────────────────────────────────────────────────────────╯
[2026-09-24 06:14:56] Lauf beendet (Exit 1, 3s) - Kommentare: 36 -> 36 (+0)
[2026-09-24 06:14:56]   -> Runde erschoepft, bis zum naechsten --neu wird nicht mehr gestartet
[2026-09-24 06:19:57] Runde durch - warte auf --neu (in 27 Min)
[2026-09-24 06:24:57] Runde durch - warte auf --neu (in 22 Min)
[2026-09-24 06:29:57] Runde durch - warte auf --neu (in 17 Min)
[2026-09-24 06:34:57] Runde durch - warte auf --neu (in 12 Min)
[2026-09-24 06:39:58] Runde durch - warte auf --neu (in 7 Min)
[2026-09-24 06:44:58] Runde durch - warte auf --neu (in 2 Min)
[2026-09-24 06:49:58] Stunde um - frische Liste mit --neu
Neuer Lauf 27
Batreeq Syrian Germany - Neubewertung
  17 Gruppen bewertet, 0 mit geaendertem Score
Araber in Berlin Gruppe | العرب في برلين - Kommentar 3/10 (Fassung 3)
Navigating to https://www.facebook.com/groups/arabinberlin to fetch posts...
Found 11 post(s) in 5 round(s); articles last seen: 17.
  [Versuch 1/3] direct_app_recommendation: versand/fragt/gegenstand (بعت), Bezug
belegt
  Vorlage ar/anlaesse/gegenstand/unshur (tracking_link)
Navigating to post 
https://www.facebook.com/groups/arabinberlin/posts/1682350506750656/...
Looking for the comment box...
Could not find the comment box. Are comments allowed on this post? (Textfelder: 
0)
  [Ergebnis] technisch fehlgeschlagen: Kommentarfeld nicht gefunden [Aktion] 
naechster Beitrag
  fehlgeschlagen: Kommentarfeld nicht gefunden (1 Beitraege versucht)
  Araber in Berlin Gruppe | العرب في برلين: in diesem Lauf uebersprungen
Takt: noch 12 Min
Arabische Studierende in Berlin-الطلاب العرب في برلين - Kommentar 2/10 (Fassung 
2)
Navigating to https://www.facebook.com/groups/arab.in.deutschland to fetch 
posts...
Found 6 post(s) in 5 round(s); articles last seen: 8.
  kein Anlass: kein passender Beitrag (kein Bezug zum Angebot (sonstiges))
  Arabische Studierende in Berlin-الطلاب العرب في برلين: in diesem Lauf 
uebersprungen
سوريين في برلين/إستشارات/ فرص عمل / بيوت للإيجار - Kommentar 5/10 (Fassung 5)
Navigating to https://www.facebook.com/groups/1477938102509363 to fetch posts...
Found 6 post(s) in 5 round(s); articles last seen: 15.
  kein Anlass: kein passender Beitrag (kein Bezug zum Angebot (kauf_verkauf), 
kein Bezug zum Angebot (sonstiges))
  سوريين في برلين/إستشارات/ فرص عمل / بيوت للإيجار: in diesem Lauf uebersprungen
سوق العرب في برلين Arabischer Flohmarkt in Berlin - Kommentar 3/10 (Fassung 3)
Navigating to https://www.facebook.com/groups/266394850499868 to fetch posts...
Error parsing article: Locator.get_attribute: Timeout 30000ms exceeded.
Call log:
  - waiting for locator("div").first.locator("a").nth(2)

Found 5 post(s) in 5 round(s); articles last seen: 12.
  kein Anlass: kein passender Beitrag (kein Bezug zum Angebot (kauf_verkauf), 
kein Bezug zum Angebot (sonstiges))
  سوق العرب في برلين Arabischer Flohmarkt in Berlin: in diesem Lauf 
uebersprungen
برلين ألمانيا فرص العمل في ألمانيا( 12) - Kommentar 5/10 (Fassung 5)
Navigating to https://www.facebook.com/groups/460113895124111 to fetch posts...
Found 6 post(s) in 5 round(s); articles last seen: 10.
  [Versuch 1/3] direct_app_recommendation: versand/fragt/geschenk (ارسال, 
إرسال), Bezug belegt
  Vorlage ar/anlaesse/geschenk/hadiye (tracking_link)
Navigating to post 
https://www.facebook.com/groups/460113895124111/posts/1809074706894683/...
Looking for the comment box...
Could not find the comment box. Are comments allowed on this post? (Textfelder: 
0)
  [Ergebnis] technisch fehlgeschlagen: Kommentarfeld nicht gefunden [Aktion] 
naechster Beitrag
  [Versuch 2/3] direct_app_recommendation: versand/fragt/geschenk (ارسال, 
إرسال), Bezug belegt
  Vorlage ar/anlaesse/geschenk/hadiye (tracking_link)
Navigating to post 
https://www.facebook.com/groups/460113895124111/posts/1809074653561355/...
Looking for the comment box...
Could not find the comment box. Are comments allowed on this post? (Textfelder: 
0)
  [Ergebnis] technisch fehlgeschlagen: Kommentarfeld nicht gefunden [Aktion] 
naechster Beitrag
  [Versuch 3/3] direct_app_recommendation: versand/fragt/geschenk (ارسال, 
إرسال), Bezug belegt
  Vorlage ar/anlaesse/geschenk/hadiye (tracking_link)
Navigating to post 
https://www.facebook.com/groups/460113895124111/posts/1809074640228023/...
Looking for the comment box...
Could not find the comment box. Are comments allowed on this post? (Textfelder: 
0)
  [Ergebnis] technisch fehlgeschlagen: Kommentarfeld nicht gefunden [Aktion] 
naechster Beitrag
  fehlgeschlagen: Kommentarfeld nicht gefunden (3 Beitraege versucht)
  برلين ألمانيا فرص العمل في ألمانيا( 12): in diesem Lauf uebersprungen
Takt: noch 7 Min
ســفارة الجمهوريـة العربيـة السوريـة-برليــن - Kommentar 1/10 (Fassung 1)
Navigating to https://www.facebook.com/groups/998502627289006 to fetch posts...
Found 8 post(s) in 5 round(s); articles last seen: 11.
  kein Anlass: kein passender Beitrag (kein Bezug zum Angebot (behoerde), kein 
Bezug zum Angebot (job))
  ســفارة الجمهوريـة العربيـة السوريـة-برليــن: in diesem Lauf uebersprungen
سوريون مقيمين في برلين - Kommentar 2/10 (Fassung 2)
Navigating to https://www.facebook.com/groups/1060505847347081 to fetch posts...
Found 6 post(s) in 5 round(s); articles last seen: 11.
  kein Anlass: kein passender Beitrag (kein Bezug zum Angebot (sonstiges), kein 
Bezug zum Angebot (wohnung))
  سوريون مقيمين في برلين: in diesem Lauf uebersprungen
عرب برلين Arab Berlin - Kommentar 5/10 (Fassung 5)
Navigating to https://www.facebook.com/groups/araberlin to fetch posts...
Found 7 post(s) in 5 round(s); articles last seen: 9.
  kein Anlass: kein passender Beitrag (kein Bezug zum Angebot (dienstleistung), 
kein Bezug zum Angebot (reise))
  عرب برلين Arab Berlin: in diesem Lauf uebersprungen
╭───────────────────────────────── Automatik ──────────────────────────────────╮
│ Automatik NICHT vollstaendig abgeschlossen                                   │
│                                                                              │
│ Kampagnen:  0 / 1                                                            │
│ Gruppen:    1 / 17                                                           │
│ Beitraege:  3 / 17                                                           │
│ Kommentare: 36 / 170                                                         │
│                                                                              │
│ Offen bei: Batreeq Syrian Germany / السوريين في برلين (10 / 10 Kommentare)   │
│                                                                              │
│ Heute nicht mehr moeglich:                                                   │
│   post: abgeschaltet (pro_tag 0)                                             │
│                                                                              │
│ 8 Gruppe(n) nach einem Fehlschlag beiseitegelegt. Der Lauf ist deswegen      │
│ nicht abgebrochen; der naechste faengt mit ihnen wieder an.                  │
╰──────────────────────────────────────────────────────────────────────────────╯
[2026-09-24 07:16:59] Lauf beendet (Exit 1, 1621s) - Kommentare: 36 -> 36 (+0)
[2026-09-24 07:22:00] kein Lauf - wird fortgesetzt (--neu in 27 Min)
Lauf 27 wird fortgesetzt
╭───────────────────────────────── Automatik ──────────────────────────────────╮
│ Automatik NICHT vollstaendig abgeschlossen                                   │
│                                                                              │
│ Kampagnen:  0 / 1                                                            │
│ Gruppen:    1 / 17                                                           │
│ Beitraege:  3 / 17                                                           │
│ Kommentare: 36 / 170                                                         │
│                                                                              │
│ Offen bei: Batreeq Syrian Germany / السوريين في برلين (10 / 10 Kommentare)   │
│                                                                              │
│ Heute nicht mehr moeglich:                                                   │
│   post: abgeschaltet (pro_tag 0)                                             │
│                                                                              │
│ 8 Gruppe(n) nach einem Fehlschlag beiseitegelegt. Der Lauf ist deswegen      │
│ nicht abgebrochen; der naechste faengt mit ihnen wieder an.                  │
╰──────────────────────────────────────────────────────────────────────────────╯
[2026-09-24 07:22:02] Lauf beendet (Exit 1, 2s) - Kommentare: 36 -> 36 (+0)
[2026-09-24 07:22:02]   -> Runde erschoepft, bis zum naechsten --neu wird nicht mehr gestartet
[2026-09-24 07:27:03] Runde durch - warte auf --neu (in 22 Min)
[2026-09-24 07:32:03] Runde durch - warte auf --neu (in 17 Min)
[2026-09-24 07:37:03] Runde durch - warte auf --neu (in 12 Min)
[2026-09-24 07:42:04] Runde durch - warte auf --neu (in 7 Min)
[2026-09-24 07:47:04] Runde durch - warte auf --neu (in 2 Min)
[2026-09-24 07:52:04] Stunde um - frische Liste mit --neu
Neuer Lauf 28
Batreeq Syrian Germany - Neubewertung
  17 Gruppen bewertet, 0 mit geaendertem Score
Araber in Berlin Gruppe | العرب في برلين - Kommentar 3/10 (Fassung 3)
Navigating to https://www.facebook.com/groups/arabinberlin to fetch posts...
Found 11 post(s) in 5 round(s); articles last seen: 15.
  [Versuch 1/3] direct_app_recommendation: versand/fragt/gegenstand (بعت), Bezug
belegt
  Vorlage ar/anlaesse/gegenstand/unshur (tracking_link)
Navigating to post 
https://www.facebook.com/groups/arabinberlin/posts/1682350506750656/...
Looking for the comment box...
Could not find the comment box. Are comments allowed on this post? (Textfelder: 
0)
  [Ergebnis] technisch fehlgeschlagen: Kommentarfeld nicht gefunden [Aktion] 
naechster Beitrag
  fehlgeschlagen: Kommentarfeld nicht gefunden (1 Beitraege versucht)
  Araber in Berlin Gruppe | العرب في برلين: in diesem Lauf uebersprungen
Takt: noch 8 Min
Arabische Studierende in Berlin-الطلاب العرب في برلين - Kommentar 2/10 (Fassung 
2)
Navigating to https://www.facebook.com/groups/arab.in.deutschland to fetch 
posts...
Error parsing article: Locator.get_attribute: Timeout 30000ms exceeded.
Call log:
  - waiting for locator("div").nth(2).locator("a").nth(1)

Found 7 post(s) in 5 round(s); articles last seen: 9.
  kein Anlass: kein passender Beitrag (kein Bezug zum Angebot (sonstiges))
  Arabische Studierende in Berlin-الطلاب العرب في برلين: in diesem Lauf 
uebersprungen
سوريين في برلين/إستشارات/ فرص عمل / بيوت للإيجار - Kommentar 5/10 (Fassung 5)
Navigating to https://www.facebook.com/groups/1477938102509363 to fetch posts...
Found 7 post(s) in 5 round(s); articles last seen: 18.
  kein Anlass: kein passender Beitrag (kein Bezug zum Angebot (job), kein Bezug 
zum Angebot (kauf_verkauf))
  سوريين في برلين/إستشارات/ فرص عمل / بيوت للإيجار: in diesem Lauf uebersprungen
سوق العرب في برلين Arabischer Flohmarkt in Berlin - Kommentar 3/10 (Fassung 3)
Navigating to https://www.facebook.com/groups/266394850499868 to fetch posts...
Error parsing article: Locator.get_attribute: Timeout 30000ms exceeded.
Call log:
  - waiting for locator("div").first.locator("a").nth(6)

Found 5 post(s) in 5 round(s); articles last seen: 12.
  kein Anlass: kein passender Beitrag (kein Bezug zum Angebot (kauf_verkauf), 
kein Bezug zum Angebot (sonstiges))
  سوق العرب في برلين Arabischer Flohmarkt in Berlin: in diesem Lauf 
uebersprungen
برلين ألمانيا فرص العمل في ألمانيا( 12) - Kommentar 5/10 (Fassung 5)
Navigating to https://www.facebook.com/groups/460113895124111 to fetch posts...
Found 6 post(s) in 5 round(s); articles last seen: 11.
  [Versuch 1/3] direct_app_recommendation: versand/fragt/geschenk (ارسال, 
إرسال), Bezug belegt
  Vorlage ar/anlaesse/geschenk/hadiye (tracking_link)
Navigating to post 
https://www.facebook.com/groups/460113895124111/posts/1809074706894683/...
Looking for the comment box...
Could not find the comment box. Are comments allowed on this post? (Textfelder: 
0)
  [Ergebnis] technisch fehlgeschlagen: Kommentarfeld nicht gefunden [Aktion] 
naechster Beitrag
  [Versuch 2/3] direct_app_recommendation: versand/fragt/geschenk (ارسال, 
إرسال), Bezug belegt
  Vorlage ar/anlaesse/geschenk/hadiye (tracking_link)
Navigating to post 
https://www.facebook.com/groups/460113895124111/posts/1809074653561355/...
Looking for the comment box...
Could not find the comment box. Are comments allowed on this post? (Textfelder: 
0)
  [Ergebnis] technisch fehlgeschlagen: Kommentarfeld nicht gefunden [Aktion] 
naechster Beitrag
  [Versuch 3/3] direct_app_recommendation: versand/fragt/geschenk (ارسال, 
إرسال), Bezug belegt
  Vorlage ar/anlaesse/geschenk/hadiye (tracking_link)
Navigating to post 
https://www.facebook.com/groups/460113895124111/posts/1809074640228023/...
Looking for the comment box...
Could not find the comment box. Are comments allowed on this post? (Textfelder: 
0)
  [Ergebnis] technisch fehlgeschlagen: Kommentarfeld nicht gefunden [Aktion] 
naechster Beitrag
  fehlgeschlagen: Kommentarfeld nicht gefunden (3 Beitraege versucht)
  برلين ألمانيا فرص العمل في ألمانيا( 12): in diesem Lauf uebersprungen
Takt: noch 9 Min
ســفارة الجمهوريـة العربيـة السوريـة-برليــن - Kommentar 1/10 (Fassung 1)
Navigating to https://www.facebook.com/groups/998502627289006 to fetch posts...
Found 8 post(s) in 5 round(s); articles last seen: 14.
  kein Anlass: kein passender Beitrag (kein Bezug zum Angebot (behoerde), kein 
Bezug zum Angebot (job))
  ســفارة الجمهوريـة العربيـة السوريـة-برليــن: in diesem Lauf uebersprungen
سوريون مقيمين في برلين - Kommentar 2/10 (Fassung 2)
Navigating to https://www.facebook.com/groups/1060505847347081 to fetch posts...
Found 6 post(s) in 5 round(s); articles last seen: 11.
  kein Anlass: kein passender Beitrag (kein Bezug zum Angebot (sonstiges), kein 
Bezug zum Angebot (wohnung))
  سوريون مقيمين في برلين: in diesem Lauf uebersprungen
عرب برلين Arab Berlin - Kommentar 5/10 (Fassung 5)
Navigating to https://www.facebook.com/groups/araberlin to fetch posts...
Error parsing article: Locator.get_attribute: Timeout 30000ms exceeded.
Call log:
  - waiting for locator("div").nth(8).locator("a").nth(1)

Found 8 post(s) in 5 round(s); articles last seen: 12.
  kein Anlass: kein passender Beitrag (kein Bezug zum Angebot (dienstleistung), 
kein Bezug zum Angebot (reise))
  عرب برلين Arab Berlin: in diesem Lauf uebersprungen
╭───────────────────────────────── Automatik ──────────────────────────────────╮
│ Automatik NICHT vollstaendig abgeschlossen                                   │
│                                                                              │
│ Kampagnen:  0 / 1                                                            │
│ Gruppen:    1 / 17                                                           │
│ Beitraege:  3 / 17                                                           │
│ Kommentare: 36 / 170                                                         │
│                                                                              │
│ Offen bei: Batreeq Syrian Germany / السوريين في برلين (10 / 10 Kommentare)   │
│                                                                              │
│ Heute nicht mehr moeglich:                                                   │
│   post: abgeschaltet (pro_tag 0)                                             │
│                                                                              │
│ 8 Gruppe(n) nach einem Fehlschlag beiseitegelegt. Der Lauf ist deswegen      │
│ nicht abgebrochen; der naechste faengt mit ihnen wieder an.                  │
╰──────────────────────────────────────────────────────────────────────────────╯
[2026-09-24 08:17:04] Lauf beendet (Exit 1, 1500s) - Kommentare: 36 -> 36 (+0)
[2026-09-24 08:22:04] kein Lauf - wird fortgesetzt (--neu in 30 Min)
Lauf 28 wird fortgesetzt
╭───────────────────────────────── Automatik ──────────────────────────────────╮
│ Automatik NICHT vollstaendig abgeschlossen                                   │
│                                                                              │
│ Kampagnen:  0 / 1                                                            │
│ Gruppen:    1 / 17                                                           │
│ Beitraege:  3 / 17                                                           │
│ Kommentare: 36 / 170                                                         │
│                                                                              │
│ Offen bei: Batreeq Syrian Germany / السوريين في برلين (10 / 10 Kommentare)   │
│                                                                              │
│ Heute nicht mehr moeglich:                                                   │
│   post: abgeschaltet (pro_tag 0)                                             │
│                                                                              │
│ 8 Gruppe(n) nach einem Fehlschlag beiseitegelegt. Der Lauf ist deswegen      │
│ nicht abgebrochen; der naechste faengt mit ihnen wieder an.                  │
╰──────────────────────────────────────────────────────────────────────────────╯
[2026-09-24 08:22:07] Lauf beendet (Exit 1, 3s) - Kommentare: 36 -> 36 (+0)
[2026-09-24 08:22:07]   -> Runde erschoepft, bis zum naechsten --neu wird nicht mehr gestartet
[2026-09-24 08:27:07] Runde durch - warte auf --neu (in 24 Min)
[2026-09-24 08:32:07] Runde durch - warte auf --neu (in 19 Min)
[2026-09-24 08:37:08] Runde durch - warte auf --neu (in 14 Min)
[2026-09-24 08:42:08] Runde durch - warte auf --neu (in 9 Min)
[2026-09-24 08:47:08] Runde durch - warte auf --neu (in 4 Min)
[2026-09-24 08:52:09] Stunde um - frische Liste mit --neu
Neuer Lauf 29
Batreeq Syrian Germany - Neubewertung
  17 Gruppen bewertet, 0 mit geaendertem Score
Araber in Berlin Gruppe | العرب في برلين - Kommentar 3/10 (Fassung 3)
Navigating to https://www.facebook.com/groups/arabinberlin to fetch posts...
Found 9 post(s) in 5 round(s); articles last seen: 13.
  [Versuch 1/3] direct_app_recommendation: versand/fragt/gegenstand (بعت), Bezug
belegt
  Vorlage ar/anlaesse/gegenstand/unshur (tracking_link)
Navigating to post 
https://www.facebook.com/groups/arabinberlin/posts/1682350506750656/...
Looking for the comment box...
Could not find the comment box. Are comments allowed on this post? (Textfelder: 
0)
  [Ergebnis] technisch fehlgeschlagen: Kommentarfeld nicht gefunden [Aktion] 
naechster Beitrag
  fehlgeschlagen: Kommentarfeld nicht gefunden (1 Beitraege versucht)
  Araber in Berlin Gruppe | العرب في برلين: in diesem Lauf uebersprungen
Takt: noch 12 Min
